id,letter,word,type,etymology,definition,added_at
_0037,_,ARYANISATION,nom féminin,Étymologie : xxe siècle. Dérivé d’aryen.,"Marque de domaine : histoire.
Ensemble des mesures visant, dans l’Allemagne nationale-socialiste, les pays qu’elle occupait et certains de ceux avec lesquels elle était alliée, à évincer les Juifs de la vie économique, en confisquant leurs biens et en les cédant à ceux que les nazis considéraient comme des Aryens.",2026-06-04T05:39:38.893Z
_0090,_,COURRIEL,nom masculin,"Étymologie : xxe siècle. Mot du français du Québec, composé à l’aide de courrier et d’électronique.","■ 
Document numérique qu’un utilisateur saisit, envoie ou consulte par l’intermédiaire d’un ordinateur, d’un téléphone, etc. connecté à un réseau (on dit aussi Message électronique).
Recevoir des courriels professionnels, personnels.
▪ Par extension.
Service permettant de saisir, d’envoyer ou de consulter un tel document (on dit aussi Messagerie électronique ou Courrier électronique).
Envoyer un curriculum vitae par courriel.

RemarqueOn préfèrera ce mot à l’anglicisme E-mail ou Mail.",2026-06-04T05:39:40.159Z
_0157,_,AUDIOPHONE,nom masculin,"Étymologie : xixe siècle, audiphone, puis audiophone. Composé d’audio‑ et de ‑phone, tiré du grec phônê, « son, voix ».","Appareil que l’on adapte à l’oreille, destiné à amplifier les sons pour compenser les pertes d’audition.",2026-06-04T05:39:41.566Z
_0166,_,ESSUIE-TOUT,nom masculin invariable,"Étymologie : xxe siècle. Composé d’essuie, forme conjuguée d’essuyer, et du pronom indéfini tout.","Papier à usage domestique, épais et absorbant, qui se présente en rouleau (on dit aussi Sopalin).",2026-06-04T05:39:41.766Z
A0001,A,A,nom masculin invariable,,"1. 
Première lettre et première voyelle de l’alphabet français, s’écrivant a en minuscule, A en majuscule.
La lettre A, le a.
Le mot « abracadabra » comporte cinq a.
Un a accent grave (à), qui porte un accent grave.
Un a accent circonflexe ou, elliptiquement, un a circonflexe (â), qui porte un accent circonflexe.
▪ Expr. fig.
Ne savoir ni A ni B, ne pas savoir lire et, par extension, ignorer jusqu’aux rudiments d’une science, d’un art.
Le B-A, BA, les premiers éléments nécessaires à la connaissance d’une discipline, à la pratique d’une activité.
C’est le B-A, BA de la politique.
De A à Z, du commencement à la fin.
Il a récité son poème de A à Z sans la moindre erreur.

▪ En composition.
ABC, voir ce mot.


2. 
Marque de domaine : phonétique.
La lettre A sert à noter une voyelle antérieure, comme dans sac, patte, là, ou postérieure, comme dans tas ou pâte ; dans ce second cas, sa prononciation est plus longue et plus grave.
▪ Associée à d’autres lettres, la lettre A peut servir à noter différents phonèmes vocaliques : le e ouvert  [ɛ] comme dans laine, j’allais ou gamay, le e fermé  [e] comme dans j’allai, j’irai ou nævus, le o ouvert  [ɔ] comme dans centaure, le o fermé  [o] comme dans peau, la nasale  [ɑ̃] comme dans danser ou chambre, et la nasale  [ɛ̃] comme dans maintenir ou faim.


3. 
Emplois conventionnels.
A désigne ce qui est classé premier dans une série, une succession.
L’équipe A.
L’escalier A.
Le bâtiment A.
Il a eu la note A à son devoir de français.
▪ La lettre A, majuscule ou minuscule, sert aussi de symbole ou d’abréviation.
Marque de domaine : mathématiques.
En algèbre, a désigne une quantité donnée.
a + b.
Expr. fig.
Prouver, démontrer par a + b, avec une grande rigueur.
En géométrie, A désigne un point de l’espace.
La droite (AB).
Le triangle ABC.
– Marque de domaine : physique.
A, symbole de l’ampère.

– Marque de domaine : biologie.
A désigne un groupe sanguin et une vitamine.
A est aussi le symbole de l’adénine.

– Marque de domaine : imprimerie.
A suivi d’un chiffre sert à indiquer les dimensions d’une feuille de papier suivant une norme internationale.
Une feuille de format A4, A3.

– Marque de domaine : mesures.
a, abréviation d’Are.

– Marque de domaine : armes.
Bombe A, abréviation de Bombe atomique.
Les bombes A furent les premières bombes nucléaires.",2026-06-04T03:46:27.814Z
A0002,A,A-,préfixe,"Étymologie : Issu du préverbe latin ad‑, exprimant un mouvement vers quelque chose, quelqu’un, ou le commencement d’une action.","■ 
Préfixe qui indique un mouvement dans une direction, vers un lieu donnés, comme dans abaisser, aliter, ou le passage d’un état à un autre, comme dans amoindrir, apeurer.
▪ A‑ peut aussi avoir une valeur inchoative, comme dans apercevoir.

RemarqueDans certains mots formés au moyen du préfixe a‑, comme affaiblir, allonger, assainir, attendrir, la première lettre du radical se redouble.",2026-06-04T03:54:25.259Z
A0003,A,A-,préfixe,"Étymologie : Emprunté du préfixe grec a‑, de même sens.","■ 
Préfixe exprimant l’idée d’absence, de privation, souvent dit a- privatif, qu’on trouve par exemple dans amoral, asocial, apesanteur.
(Devant une voyelle ou un h muet, a‑ devient an‑, comme dans anaérobie, anhydre.)",2026-06-04T03:59:08.123Z
A0007,A,ABAISSE-LANGUE,nom masculin,"Étymologie : xixe siècle. Composé d’abaisse, forme conjuguée d’abaisser, et de langue.","Marque de domaine : médecine.
Petite palette utilisée pour maintenir la langue d’un patient baissée lors de l’examen de sa bouche ou de sa gorge.",2026-06-04T03:59:08.250Z
A0008,A,ABAISSEMENT,nom masculin,Étymologie : xiie siècle. Dérivé d’abaisser.,"1. 
Action de faire descendre quelque chose, de le tirer vers le bas, ou de placer une chose à un niveau inférieur ; résultat de cette action.
L’abaissement d’un rideau métallique, d’un levier.

2. 
Action de diminuer la hauteur, l’importance, la valeur d’une chose ; le fait que la hauteur, l’importance, la valeur d’une chose diminue ; l’état qui en résulte (dans ces deux derniers sens, on dit aussi Baisse).
L’abaissement du mur nous permettra de jouir du paysage.
L’abaissement de la colonne de mercure dans un baromètre.
On prévoit un abaissement sensible de la température au cours de la semaine.
Constater l’abaissement du niveau de vie.

3. 
Dans la langue soutenue.
Action de diminuer la puissance, l’autorité, la dignité d’une personne, d’une entité ; résultat de cette action.
Louis XI travailla à l’abaissement de la maison de Bourgogne.
Il se révolte contre un si grand abaissement.

4. 
Le fait de s’humilier volontairement ; l’état qui en résulte.
Se tenir dans l’abaissement devant Dieu.

5. 
Avilissement, déchéance morale.
L’abaissement des mœurs.
D’abaissement en abaissement, il perdra tout sens de l’honneur.",2026-06-04T03:59:08.305Z
A0009,A,ABAISSER,verbe transitif direct et verbe pronominal,"Étymologie : xiie siècle. Dérivé de baisser, avec le préfixe a- [i].","1. 
Faire descendre quelque chose, le tirer vers le bas ; placer une chose à un niveau inférieur.
Abaisser un store.
En cas de danger, abaissez la manette.
Abaisser la barre dans une épreuve de saut en hauteur.
▪ Spécialement. Marque de domaine : arithmétique.
Abaisser un chiffre, à chaque étape d’une division posée, écrire au niveau de la différence que l’on vient d’obtenir le chiffre suivant du dividende.
– Marque de domaine : géométrie.
Abaisser une perpendiculaire, tracer une perpendiculaire à une droite ou à un plan passant par un point extérieur à cette droite ou à ce plan.

– Marque de domaine : équitation.
Abaisser les hanches d’un cheval, durant certains exercices de manège, lui faire plier les postérieurs pour qu’il ait la croupe plus basse que les épaules (on dit aussi Asseoir un cheval, Asseoir un cheval sur les hanches et, parfois, Rabaisser les hanches d’un cheval).


▪ Par extension.
Incliner quelque chose en le dirigeant vers le bas.
Abaisser son fusil par prudence.
Il abaissa son regard sur la vallée.


2. 
Diminuer la hauteur, l’importance, la valeur d’une chose.
Abaisser une arche.
Abaisser une note d’un demi-ton.
Abaisser les prix.
L’âge limite d’admission à cette école a été abaissé à trente ans.
▪ Spécialement. Marque de domaine : cuisine.
Amincir une pâte à tarte au moyen d’un rouleau à pâtisserie.
– Marque de domaine : algèbre.
Abaisser le degré d’une équation, d’un polynôme, les réduire à un degré inférieur.



3. 
Dans la langue soutenue.
Diminuer la puissance, l’autorité, la dignité d’une personne, d’une entité.
Richelieu s’est employé à abaisser les grands.
Chercher à abaisser ses rivaux.
La guerre civile a contribué à abaisser cet État.
Par allusion à l’Évangile.
Quiconque s’élève sera abaissé.

4. 
En parlant d’une action, d’une conduite.
Avilir, déshonorer quelqu’un.
Une telle démarche vous abaisserait.
Ces méthodes abaissent ceux qui y recourent.",2026-06-04T03:59:08.483Z
A0010,A,"ABAISSEUR, ABAISSEUSE",adjectif,Étymologie : xvie siècle. Dérivé d’abaisser.,"Qui sert à abaisser.
Spécialement. Marque de domaine : anatomie.
Muscle abaisseur, qui permet de faire descendre certaines parties du corps.
Les muscles abaisseurs ont pour antagonistes les muscles élévateurs.
Le muscle abaisseur de l’œil ou, elliptiquement et substantivement, l’abaisseur de l’œil.",2026-06-04T03:59:08.551Z
A0012,A,ABANDON,nom masculin,"Étymologie : xiie siècle, mais probablement antérieur. Tiré de l’ancien français mettre, laissier a bandon, « livrer, laisser au pouvoir de », formé à l’aide de bandon, « pouvoir, autorité », dérivé de l’ancien francique *ban, qui désigne une loi dont la non-observance entraîne une peine, lui-même issu de la racine indo-européenne *fa, « parler ».","1. 
Le fait de laisser ou de mettre quelque chose à la disposition, à la discrétion d’autrui.
L’abandon d’un bien immobilier à son ex-conjoint, à titre de prestation compensatoire.
Faire abandon d’une terre à un voisin.
▪ Par extension.
Le fait d’exposer, de livrer une chose, une personne au pouvoir de quelqu’un, de quelque chose.
L’abandon d’une place à l’ennemi.
L’abandon d’une population à l’envahisseur.


2. 
Le fait de renoncer à quelque chose définitivement, de mettre fin à une pratique, à une action, etc.
L’abandon d’un projet, d’une stratégie militaire, d’une procédure judiciaire.
La police a annoncé l’abandon des recherches.
Il regrettera l’abandon de ses études.
▪ Spécialement. Marque de domaine : sports.
Action d’interrompre sa participation à une compétition.
Sa blessure l’a contraint à l’abandon.
Les températures caniculaires entraînèrent l’abandon de nombreux coureurs.
Perdre par abandon.


3. 
Le fait de quitter un lieu où l’on devrait se trouver.
L’abandon du domicile conjugal peut être un motif de divorce.
Abandon de poste.

4. 
Le fait de se séparer d’un être dont on a la charge, de le laisser sans secours ni assistance.
L’abandon d’un nourrisson sur les marches d’une église.
Par métonymie.
État d’un être livré à lui-même, laissé sans soin.
Éprouver un sentiment d’abandon.
Ce vieillard vit dans le plus complet abandon.
Par analogie.
Son jardin est dans un déplorable abandon.
▪ Spécialement. Marque de domaine : droit.
Abandon de famille, délit par lequel on se soustrait à certaines obligations envers ses enfants, son conjoint ou ses ascendants.
L’abandon de famille est passible de la réclusion criminelle.

▪ Loc.
À l’abandon, sans soin, sans protection.
Des chevaux laissés à l’abandon.
Par analogie.
Une grange à l’abandon.

▪ Par extension.
Action de se défaire d’une chose, pour toujours ou temporairement.
L’abandon d’un véhicule sur la voie publique.


5. 
Le fait de se laisser aller sans contrainte ; l’état qui en résulte.
Un élan d’abandon.
Une pose pleine d’abandon.
Parler avec abandon, avec confiance.
Un délicieux abandon.",2026-06-04T03:59:08.658Z
A0013,A,"ABANDONNÉ, ABANDONNÉE",adjectif,Étymologie : xiiie siècle. Tiré du participe passé d’abandonner.,"1. 
Auquel on a renoncé ; qui n’est plus utilisé.
Un mot, un usage abandonné.
Un sentier abandonné.

2. 
Se dit d’un être dont on avait la charge et dont on s’est séparé, qu’on a laissé sans secours ni assistance.
Un enfant abandonné.
Un chien abandonné.
Par analogie.
Une vieille maison abandonnée.
▪ Par extension.
Se dit d’une chose dont on s’est défait, pour toujours ou temporairement.
Un vélo abandonné dans la rue.


3. 
Qui se laisse aller sans contrainte.
Il reposait sur son lit, abandonné.
Par métonymie.
Il avait la tête abandonnée sur l’épaule de sa bien-aimée.
Une pose abandonnée.",2026-06-04T03:54:25.895Z
A0014,A,ABANDONNEMENT,nom masculin,Étymologie : xiiie siècle. Dérivé d’abandonner.,"1. 
État d’une personne abandonnée.
Elle souffre moins de sa misère que de son abandonnement.

2. 
Le fait de se laisser aller sans contrainte.
Il était sensible au charme de ses abandonnements.",2026-06-04T03:59:08.725Z
A0015,A,ABANDONNER,verbe transitif direct et verbe pronominal,Étymologie : xie siècle. Dérivé d’abandon.,"1. 
Laisser ou mettre quelque chose à la disposition, à la discrétion d’autrui.
Abandonner son héritage à une association.
Abandonner un droit.
Abandonner tous ses biens à ses créanciers.
Abandonner à un notaire la gestion de sa fortune.
Nous avons abandonné cette pièce aux enfants.
▪ Par extension.
Exposer, livrer une chose, une personne au pouvoir de quelqu’un, de quelque chose.
Abandonner une ville aux pillards, au pillage.
Abandonner une barque au courant.
Abandonner son esprit à la rêverie.
Abandonner quelqu’un à son triste sort.
Fig.
Abandonner son âme à Dieu, la lui confier sans réserve.


2. 
Renoncer à quelque chose définitivement, mettre fin à une pratique, à une action, etc.
Abandonner le pouvoir.
Abandonner une charge.
Il a fini par abandonner ses poursuites.
Abandonner le cinéma pour le théâtre.
Ce genre d’article ne se vend plus, nous en avons abandonné la fabrication.
N’abandonnez pas le combat !
Il veut tout abandonner.
Absolument.
Sans résultat tangible, nous abandonnerons.
Ce coureur cycliste a abandonné avant le col.
▪ Expr.
Abandonner la partie, convenir que l’on a perdu dans une compétition, un affrontement et, par extension, renoncer à sa participation à une entreprise.


3. 
Quitter un lieu où l’on devrait se trouver.
Abandonner son poste.
▪ Fig.
En parlant d’une faculté, d’une disposition d’esprit.
Ses forces l’abandonnent.
Tout son courage, tout espoir l’a abandonné.
Son désir de vengeance l’abandonna soudain.


4. 
Se séparer d’un être dont on a la charge, le laisser sans secours ni assistance.
Quasimodo fut abandonné sur le parvis de Notre-Dame.
Ils ont abandonné leur chien au bord d’une route.
Abandonner ses parents dans la misère.
Il s’est senti abandonné quand sa femme l’a quitté.
Par exagération.
Il est tard, je dois vous abandonner.
▪ Par extension.
Se défaire d’une chose, pour toujours ou temporairement.
Abandonner une voiture dans un terrain vague.
Lors de la mue, les serpents abandonnent leur dépouille.
Abandonner son livre sur la table.


5. 
Lâcher, laisser aller ce qu’on tenait ou retenait.
Abandonner les rames et se laisser dériver.
Le complément d’objet désigne une partie du corps.
Abandonner sa main dans celle d’un ami, sa tête sur l’épaule de son amoureux.
▪ Expr. fig.
Abandonner les rênes de quelque chose, renoncer à le diriger.
Il a abandonné les rênes de l’État, de l’entreprise familiale.",2026-06-04T03:59:08.896Z
A0016,A,ABAQUE,nom masculin,"Étymologie : xiie siècle. Emprunté du latin abacus, « tablette », lui-même tiré du grec abax, abakos, « table à calcul ; table de jeu ».","1. 
Marque de domaine : Antiquité.
Plateau couvert de sable où l’on traçait des lettres, des nombres, des figures ; tablette où figuraient des lignes ou des colonnes, sur laquelle on posait des jetons afin de faire des calculs.

2. 
Cadre portant des tringles sur lesquelles des boules sont enfilées, et qui sert à calculer (on dit plutôt Boulier).

3. 
Marque de domaine : mathématiques.
Représentation graphique d’une famille de courbes, utilisée pour connaître, par simple lecture, la valeur approchée des solutions de certaines équations.
L’abaque est utilisé en physique, en chimie, en astronomie.

4. 
Marque de domaine : architecture.
Partie supérieure d’un chapiteau de colonne, qui peut être surmontée d’un tailloir ou supporter directement l’architrave.
Abaque carré, circulaire.
Abaque à cornes.
▪ S’emploie aussi au sens de Tailloir.",2026-06-04T03:59:08.953Z
A0018,A,ABASOURDIR,verbe transitif direct,"Étymologie : xviie siècle. Dérivé de basourdir, « tuer », altération de basir, de même sens, dans l’argot des coquillards.","■ 
Étourdir par un grand bruit.
Ce vacarme, ces criailleries perpétuelles nous abasourdissent.
▪ Surtout fig.
Frapper de stupeur.
Il a été abasourdi de sa disgrâce.
Au participe passé, adjectivement.
La nouvelle l’a laissé tout abasourdi.",2026-06-04T03:59:09.083Z
A0020,A,ABAT,nom masculin,Étymologie : xve siècle. Déverbal d’abattre.,"1. 
Au pluriel.
Désigne les morceaux d’un animal de boucherie qui ne sont pas de la chair mais sont comestibles.
Les rognons, le foie, la langue, la cervelle, le cœur, les ris de veau et les tripes sont des abats.
Les abats de volaille sont aussi appelés « abattis ».

2. 
Fait de s’abattre.
S’emploie seulement, dans certaines régions de l’Ouest de la France et au Québec, dans les locutions Pluie d’abat, Abat d’eau, pour désigner une averse violente.",2026-06-04T03:59:09.177Z
A0029,A,ABATTEMENT,nom masculin,"Étymologie : xiie siècle, au sens d’« action d’abattre, de renverser » ; xiiie siècle, au sens de « diminution d’une somme, rabais » ; xviie siècle, au sens d’« affaiblissement des forces, du courage ». Dérivé d’abattre.","1. 
Défaillance des forces physiques ou morales.
La chaleur le plonge dans l’abattement.
Cette mauvaise nouvelle l’a jeté dans l’abattement.
Les périodes d’euphorie succédaient aux périodes d’abattement.

2. 
Déduction faite sur une somme à payer.
Obtenir un abattement sur sa facture d’eau, d’électricité.
▪ Spécialement. Marque de domaine : fiscalité.
Abattement à la base ou, elliptiquement, abattement, diminution de la base imposable d’un contribuable ; fraction de la base imposable ainsi exemptée de l’impôt.
Les abattements sont automatiquement appliqués par l’administration fiscale.
Un abattement de tant sur les droits de succession.",2026-06-04T03:59:09.380Z
A0031,A,ABATTIS,nom masculin,Étymologie : xiie siècle. Dérivé d’abattre.,"1. 
Vieilli.
Action d’abattre quelque chose ; ce qui est ainsi abattu.
On a fait dans cette forêt un grand abattis de chênes.
Ôter un abattis de pierres.
Par extension.
Cette bataille fut un grand abattis d’hommes.
▪ Spécialement. Marque de domaine : militaire.
Retranchement formé d’arbres que l’on a abattus pour faire obstacle à la progression de l’ennemi.

▪ Désigne aujourd’hui, au Québec, un terrain où les arbres ont été abattus mais non dessouchés et, en Guyane, une parcelle cultivée.


2. 
Au pluriel. Marque de domaine : cuisine.
Parties d’une volaille qu’on enlève avant de la préparer, qu’elles soient propres ou non à la consommation ; désigne plus particulièrement les abats.
Les abattis comprennent la tête, le cou, les ailerons, le foie, le gésier.
Un ragoût d’abattis.
▪ Fig.
Les bras et les jambes d’une personne.
Surtout dans l’expression Numéroter ses abattis, dont on use pour menacer plaisamment une personne d’une correction.
Tu peux numéroter tes abattis !",2026-06-04T03:46:29.585Z
A0039,A,ABBAYE,nom féminin,"Étymologie : xe siècle. Issu du latin chrétien abbatia, « charge d’abbé », lui-même dérivé de abbas, « père », comme titre honorifique, puis « abbé », pour les sens 1 et 2 ; probablement dérivé d’abbé, au sens ancien de « chef de confrérie », pour le sens 3.","1. 
Communauté de moines qui a pour supérieur un abbé, ou de moniales qui a pour supérieure une abbesse.
L’abbaye royale de Saint-Denis.
Fonder, réformer une abbaye.
Une abbaye cistercienne, bénédictine.
Une abbaye en commende, en règle.
▪ Par métonymie.
L’ensemble des bâtiments où vit cette communauté.
Le cloître de l’abbaye.
L’abbaye de Port-Royal des Champs fut rasée en 1713.

▪ Spécialement. Marque de domaine : histoire.
Abbaye princière, dans le Saint-Empire romain germanique, abbaye constituant un territoire ecclésiastique souverain, et dont l’abbé ou l’abbesse avait le titre de prince ou de princesse.
– Marque de domaine : littérature.
L’abbaye de Thélème, communauté laïque et mixte, imaginée par Rabelais, dont la seule règle est : « Fais ce que voudras. »



2. 
Anciennement.
Bénéfice attaché au titre d’abbé.
Certains prélats possédaient plusieurs abbayes.

3. 
En Suisse, société de tireurs et, par extension, concours de tir organisé par une telle société, qui donne lieu à une fête de village.
Les abbayes du canton de Vaud.",2026-06-04T03:59:09.613Z
A0048,A,"ABDOMINAL, ABDOMINALE",adjectif et nom masculin pluriel,Étymologie : xviie siècle. Dérivé d’abdomen.,"1. 
Marque de domaine : anatomie.
Qui se rapporte à l’abdomen.
Région abdominale.
Sangle abdominale, voir Sangle.
Des douleurs abdominales.

2. 
Marque de domaine : zoologie.
Relatif à l’abdomen des Arthropodes.
Segments abdominaux, anneaux formant l’abdomen de ces animaux.",2026-06-04T03:54:27.065Z
A0063,A,ABIÉTACÉES,nom féminin pluriel,"Étymologie : xixe siècle. Dérivé savant du latin abies, ‑etis, « sapin ».","Marque de domaine : botanique.
Synonyme de Pinacées.",2026-06-04T03:59:10.088Z
A0065,A,ABÎME,nom masculin,"Étymologie : xiie siècle. Issus du latin populaire *abismus, altération du latin chrétien abyssus, « profondeur de l’enfer, abîme », lui-même tiré du grec abussos, « ce qui est sans fond ».","1. 
Grande misère matérielle ou morale où l’on tombe.
Il court à l’abîme.
Elle est au bord de l’abîme.
Toucher le fond de l’abîme.
Expr. vieillie.
Creuser un abîme sous les pas de quelqu’un, travailler à le perdre.

2. 
Ce qui semble insondable, sans limites ; ce qui dépasse la compréhension, constitue une énigme, un mystère.
Un abîme de misère, de perplexité.
Se trouver face à un abîme de difficultés.
L’idée d’infini est un abîme pour l’esprit humain.

3. 
Ce qui sépare, divise profondément.
Il y a un abîme entre ces deux conceptions du monde.",2026-06-04T03:59:10.205Z
A0068,A,ABIOTIQUE,adjectif,"Étymologie : xixe siècle. Dérivé de biotique, avec le préfixe privatif a- [ii].","1. 
Marque de domaine : biologie.
Qui ne permet pas la vie.
Un milieu abiotique.

2. 
Marque de domaine : écologie.
Qui ne se rapporte pas aux êtres vivants.
Facteur abiotique, qui concerne les caractères physicochimiques d’un milieu.
La salinité, la température, la luminosité sont des facteurs abiotiques.",2026-06-04T03:59:10.314Z
A0076,A,ABLATION,nom féminin,"Étymologie : xive siècle. Emprunté du latin tardif ablatio, « action d’enlever », lui-même dérivé de ablatum, supin de auferre, « emporter, enlever ».","Action de retirer, de retrancher quelque chose ; le fait qu’une chose, une matière soit enlevée, disparaisse d’un tout.
Ne s’emploie que dans des domaines spécialisés.
Marque de domaine : chirurgie.
Intervention consistant à enlever une tumeur ou une partie du corps, un organe.
Ablation d’un kyste.
Ablation des amygdales, de la prostate.
– Marque de domaine : géologie.
Disparition d’une partie d’un relief, d’un névé, d’un glacier, provoquée selon les cas par l’érosion, par la fonte ou la sublimation de la glace, ou encore par le vêlage.",2026-06-04T03:59:10.522Z
A0084,A,ABOIEMENT,nom masculin,"Étymologie : xiiie siècle, abaiement, abeiement. Dérivé d’aboyer.","1. 
Cri du chien et d’autres canidés ; action d’aboyer.
On entendait les aboiements lointains de la meute.
L’aboiement du renard.
Par analogie.
L’aboiement du chevreuil.

2. 
Fig.
Parole prononcée d’une manière agressive, violente ; invective, menace.
Les aboiements d’un garde-chiourme.",2026-06-04T03:59:10.720Z
A0096,A,ABONDER,verbe intransitif et verbe transitif indirect et direct,"Étymologie : xiie siècle. Emprunté du latin abundare, « déborder ».","1. 
V. tr. indirect. Suivi de la préposition en.
Avoir en abondance une ressource, un bien.
La région abonde en vignobles.
La rivière abonde en truites et en brochets.
Abonder en richesses.
Ce pays abonde en vestiges romains.
Fig.
Cet ouvrage abonde en anecdotes piquantes.
▪ S’emploie aussi absolument dans l’expression Abonder dans le sens de quelqu’un, lui apporter des arguments qui renforcent son opinion, l’approuver entièrement.
J’abonde dans votre sens.


2. 
V. tr. direct. Marque de domaine : finance.
Alimenter un compte, un budget.
Abonder un fonds.
▪ Spécialement.
En parlant d’un employeur, verser une somme d’argent sur un plan d’épargne en complément de celles qui y sont placées par chacun des salariés.",2026-06-04T03:46:31.285Z
A0117,A,ABOUTIR,verbe transitif indirect et verbe intransitif,"Étymologie : xive siècle. Dérivé de bout, avec le préfixe a- [i].","1. 
Se terminer, mener en un lieu.
La route aboutit à la mer.
Pierre Paul de Riquet fit aboutir à Sète le canal du Midi.
L’escalier aboutit au grenier.
▪ Par extension. En parlant d’une personne.
Parvenir, arriver à un endroit déterminé.
En suivant cette route, vous aboutirez au carrefour.


2. 
Avoir pour résultat, pour conséquence.
La controverse a abouti à la plus grande confusion.
Cette affaire n’aboutit à rien.
Cela n’aboutira qu’à sa perte.",2026-06-04T04:01:30.619Z
A0122,A,ABOYER,verbe intransitif,"Étymologie : xiie siècle, abaier, puis aboier. Tiré du radical expressif bai‑ ou bau‑, imitant l’aboiement du chien.","1. 
En parlant du chien et d’autres canidés.
Pousser son cri.
Des chiens aboient dans la cour.
Les chacals aboyaient dans le désert.
En emploi transitif indirect.
Le berger allemand aboyait après les visiteurs.
Aboyer à la lune.
▪ Par analogie.
Les otaries mâles aboient pour défendre leur territoire.

▪ Prov.
Les chiens aboient, la caravane passe, il faut suivre son plan en dépit des critiques.
Chien qui aboie ne mord pas, ceux qui font le plus de bruit ne sont pas les plus redoutables.


2. 
Fig.
Parler d’une voix forte et agressive.
Il aboie plus qu’il ne parle.
En emploi transitif direct.
Aboyer un ordre, des consignes.
En emploi transitif indirect.
Tous aboyaient après lui.
Expr.
Aboyer aux chausses de quelqu’un, le harceler.",2026-06-04T04:01:30.815Z
A0134,A,ABREUVER,verbe transitif direct,"Étymologie : xiie siècle, abevrer. Issu du latin populaire *abbiberare, « faire ou mener boire », lui-même dérivé de bibere, « boire ».","1. 
Faire boire les chevaux, le bétail en mettant de l’eau à leur portée.
Abreuver les troupeaux.
Pron.
L’heure où les animaux viennent s’abreuver à la source, viennent y boire.
▪ Par extension.
Abreuver ses convives.


2. 
Imbiber en profondeur.
La pluie a abreuvé la terre.

3. 
Fig.
Donner à quelqu’un quelque chose en abondance, jusqu’à l’excès.
Elle l’a abreuvé de conseils, de recommandations.
Abreuver quelqu’un de coups, d’injures.
Pron.
Il s’abreuve de romans policiers.",2026-06-04T04:01:31.164Z
A0155,A,ABSCISSE,nom féminin,"Étymologie : xviiie siècle. Emprunté du latin abscissa, dans l’expression abscissa linea, « ligne coupée », lui-même issu du participe passé de abscindere, « couper ».","1. 
Nombre qui indique la position d’un point sur une droite graduée.
Déterminer l’abscisse du milieu d’un segment.

2. 
Celle des coordonnées qui est conventionnellement énoncée en premier, dans un repère cartésien.
Dans un repère du plan, l’abscisse, notée « x », désigne la coordonnée horizontale d’un point, l’ordonnée, notée « y », sa coordonnée verticale.
L’axe des abscisses.",2026-06-04T04:01:31.587Z
A0159,A,ABSENTÉISME,nom masculin,"Étymologie : xixe siècle. Emprunté de l’anglais absenteeism, de même sens, dérivé de absentee, « absent », tiré de to absent, « vivre hors de ses terres (en parlant des grands propriétaires) », lui-même emprunté de l’ancien français s’absenter, « s’éloigner ».","Attitude d’une personne qui, de manière répétée et non justifiée, est absente de son lieu de travail, de son école.
On constate dans cette entreprise un fort taux d’absentéisme.
L’absentéisme scolaire.",2026-06-04T04:01:31.698Z
A0164,A,ABSINTHE,nom féminin,"Étymologie : xiie siècle, absince. Emprunté, par l’intermédiaire du latin absinthium, du grec apsinthion, de même sens.","1. 
Marque de domaine : botanique.
Nom donné à deux espèces d’armoises aromatiques utilisées pour leurs vertus médicinales.
La grande absinthe ou absinthe officinale.
La petite absinthe est aussi appelée « armoise romaine ».
L’absinthe contient une molécule qui, à forte dose, provoque des convulsions et des hallucinations.

2. 
Par métonymie.
Boisson alcoolisée de couleur verte obtenue à partir d’un mélange de ces armoises et d’autres plantes aromatiques.
Au xixe siècle, l’absinthe était surnommée la « fée verte ».
Interdite en France en 1915 en raison de ses effets nocifs, l’absinthe est aujourd’hui commercialisée sous une forme chimiquement modifiée.",2026-06-04T04:01:31.839Z
A0165,A,"ABSOLU, ABSOLUE",adjectif et nom masculin,"Étymologie : xie siècle, asolu. Emprunté du latin absolutus, « achevé, complet », tiré du participe passé de absolvere, « détacher de tout lien ; acquitter, absoudre » et « achever, parfaire ».","1. 
Se dit d’un pouvoir qui s’exerce sans limite et sans contrôle, et de ce qui s’y rapporte.
Puissance, autorité absolue.
Monarchie absolue, voir Monarchie.
▪ Par métonymie.
Souverain, monarque absolu.
Maître absolu.

▪ Par extension.
Se dit d’une personne entière, péremptoire, et de ce qui la caractérise.
Il est absolu dans ses jugements.
Un caractère absolu.


2. 
Qui est sans restriction, sans réserve ; intégral, complet.
Une confiance, une discrétion absolue.
Une absolue certitude.
Je suis dans l’absolue nécessité de me passer de vos services.
J’exige de vous une obéissance absolue.
Il vit dans une solitude absolue.
Son désintéressement est absolu.
Défense absolue de fumer.
Il a érigé ce principe en règle absolue.

3. 
Que l’on considère en soi (souvent par opposition à Relatif).
Spécialement. Marque de domaine : philosophie.
Qui n’admet aucune condition, aucune limite, qui est indépendant de toute comparaison.
Le Vrai, le Beau absolu.
Une vérité absolue.
– Marque de domaine : droit.
Majorité absolue, égale à la moitié des suffrages exprimés plus un, par opposition à Majorité relative et à Majorité qualifiée.

– Marque de domaine : mathématiques.
Valeur absolue, valeur d’une expression mathématique ou d’un nombre sans considération de son signe.

– Marque de domaine : physique.
Mouvement absolu, celui d’un corps envisagé par rapport à un repère fixe, immobile, par opposition à Mouvement relatif.
Zéro absolu, température d’un système dans lequel l’agitation thermique des molécules, des atomes est nulle, et qui correspond à la température de –237,16 degrés Celsius.
Le zéro absolu est la température la plus basse que l’on puisse théoriquement atteindre.
La température absolue, qui est définie par rapport au zéro absolu et s’exprime généralement en kelvins.

– Marque de domaine : grammaire.
Superlatif absolu, qui exprime une qualité à un haut degré, sans rapport à une autre personne ou à une autre chose, par opposition à Superlatif relatif.
Dans « Ce spectacle est très beau », « très beau » est un superlatif absolu ; dans « Ce spectacle est le plus réussi de l’année », « le plus réussi » est un superlatif relatif.
Emploi absolu, construction absolue, où un mot est utilisé sans complément.
Un verbe transitif en emploi absolu se construit sans complément d’objet.
Le nom « rentrée » se rencontre généralement en construction absolue pour parler de la rentrée des classes.
En grammaire grecque et latine.
Ablatif, génitif absolu, proposition participiale dont le sujet et le participe sont à l’ablatif en latin, au génitif en grec.

▪ Par extension.
Parfait, pur, sans mélange.
L’amour absolu.
Une passion absolue.
Donner à un mot son sens absolu, son sens fort, plein.
Marque de domaine : chimie.
Alcool absolu, solution d’éthanol contenant moins de 1 % d’eau.",2026-06-04T04:01:31.961Z
A0166,A,ABSOLUMENT,adverbe,Étymologie : xiiie siècle. Dérivé d’absolu.,"1. 
Souverainement, sans limite ni contrôle.
Le monarque entendait gouverner absolument.
Il commande absolument.
▪ Par extension.
De manière péremptoire.
On eut beau lui dire qu’il ne devait pas partir, il le voulut absolument.
Son père lui défendit absolument de la revoir.


2. 
Entièrement, tout à fait ; sans réserve ni restriction, rigoureusement.
C’est absolument exclu.
Je désapprouve absolument cette initiative.
Il nia absolument les faits.
Cela m’est absolument égal.
Je n’y comprends absolument rien.
Il s’en remet absolument à vous.
Il est absolument libre de ses mouvements.
À valeur intensive.
Il faut absolument que vous partiez.
Il tient absolument à avoir le dernier mot.
Nous n’avions absolument pas l’intention de vous blesser.
▪ Par affaiblissement.
Pour répondre familièrement par l’affirmative.
« Viendrez-vous demain ? – Absolument. »


3. 
Sans autre considération, sans condition.
Dieu est absolument.
▪ Loc.
Absolument parlant, si l’on s’en tient à la chose, à la situation elle-même.
Absolument parlant, c’est interdit.
Cette raison n’est pas mauvaise, absolument parlant.

▪ Spécialement. Marque de domaine : grammaire.
Sans complément.
Prendre, employer un verbe absolument.
Dans la phrase « Elle a voté contre », l’adverbe « contre » est construit absolument.
Dans le Dictionnaire de l’Académie française, la mention « absolument » est abrégée en « absolt ».",2026-06-04T04:01:32.042Z
A0173,A,ABSORBER,verbe transitif direct,"Étymologie : xie siècle, assorber, « engloutir ». Emprunté du latin absorbere, « avaler ».","1. 
Laisser pénétrer en soi et retenir un liquide, un gaz, un rayonnement, etc.
L’éponge absorbe l’eau.
Les plantes absorbent le dioxyde de carbone par leurs feuilles.
Le noir absorbe la lumière.
Par métonymie.
L’enfant a absorbé la tache d’encre avec un buvard.
▪ Par extension.
En parlant d’une personne, d’un animal.
Consommer un aliment ; ingérer une substance.
Absorber du lait, de la nourriture.
Le malade n’a rien absorbé depuis trois jours.

▪ Spécialement. Marque de domaine : physique nucléaire.
Dose absorbée, voir Dose.


2. 
Fig.
Faire disparaître quelque chose en l’utilisant ou en l’intégrant dans un ensemble.
Son bénévolat absorbe tout son temps libre.
Les frais d’expertise ont absorbé une partie de la succession.
Cette société a rapidement absorbé les petites entreprises de la région.
▪ S’emploie aussi au sens d’Occuper quelqu’un entièrement.
Ses fonctions l’absorbent jour et nuit.
C’est un travail qui vous absorbera pendant plusieurs mois.
Pron.
S’absorber dans ses réflexions, dans la lecture.",2026-06-04T04:01:32.288Z
A0174,A,ABSORPTION,nom féminin,"Étymologie : xvie siècle. Emprunté du latin chrétien absorptio, « engloutissement (de l’âme) », lui-même dérivé de absorbere, « avaler ».","1. 
Action de laisser pénétrer en soi et retenir un liquide, un gaz, un rayonnement, etc.
L’absorption de la pluie par un terrain sablonneux.
L’absorption d’eau et de sels minéraux par les racines d’un végétal.
L’absorption des rayons solaires par la couche atmosphérique.
Cette fibre textile a un grand pouvoir d’absorption.
Étudier l’absorption du glucose par l’intestin.
▪ Par extension.
En parlant d’une personne, d’un animal.
Action de consommer un aliment, d’ingérer une substance.
L’absorption excessive d’alcool est nuisible.

▪ Spécialement. Marque de domaine : physique.
Raie, Spectre d’absorption, voir Raie [i], Spectre.
– Marque de domaine : technique.
À absorption, se dit d’une machine frigorifique dans laquelle le fluide réfrigérant est pressurisé grâce à sa dissolution dans un autre fluide.
Le réfrigérateur à absorption d’une caravane.



2. 
Fig.
Action de faire disparaître quelque chose en l’utilisant ou en l’intégrant dans un ensemble.
L’absorption d’une entreprise par une autre.
▪ Désigne aussi parfois l’état d’une personne absorbée dans un travail, une lecture, etc.
L’absorption d’un jeune homme dans sa rêverie.",2026-06-04T04:01:32.367Z
A0190,A,ABSURDE,adjectif et nom masculin,"Étymologie : xiiie siècle, comme adjectif ; xvie siècle, comme nom. Emprunté du latin absurdus, « discordant, dissonant ; hors de propos », lui-même dérivé de surdus, « sourd ».","1. 
Adj.
Qui va contre la raison, la logique ; qui heurte le sens commun.
Un argument absurde.
Il est absurde d’agir comme vous le faites.
Ce que vous dites là est absurde.

2. 
N. m.
Ce qui contrevient aux normes de la logique, ce qui est contradictoire, déraisonnable.
Tomber dans l’absurde.
Démonstration, raisonnement par l’absurde, consistant à démontrer qu’une proposition est vraie par l’énoncé des conséquences qui découlent de la proposition contradictoire.
Réduire une proposition à l’absurde, voir Réduire.
▪ Désigne plus particulièrement l’écart entre les aspirations de l’homme et son expérience vécue, l’impossibilité de trouver une justification à l’existence humaine.
Albert Camus expose sa philosophie de l’absurde dans « Le Mythe de Sisyphe ».
Marque de domaine : littérature.
Le théâtre de l’absurde, dont la dramaturgie et l’esthétique, en rupture complète avec la tradition, illustrent le caractère irrationnel et parfois désespéré de la condition humaine en mettant en scène des situations dénuées de sens, qui provoquent le rire entre autres réactions.
« Théâtre de l’absurde » est le titre d’un essai de Martin Esslin publié au début des années 1960.
Les pièces de Beckett et d’Ionesco relèvent du théâtre de l’absurde.",2026-06-04T04:01:32.710Z
A0193,A,ABUS,nom masculin,"Étymologie : xive siècle, au sens 1 ; xxe siècle, au sens 2. Emprunté du latin abusus, « utilisation d’une chose jusqu’à son épuisement », lui-même dérivé de abuti, « user complètement ; détourner de son usage », avec, pour le sens 2, influence probable de l’anglais des États-Unis sexual abuse, « agression sexuelle, viol ».","1. 
Usage mauvais ou excessif de quelque chose.
L’abus de l’alcool, du tabac.
Faire des abus de nourriture.
L’abus qu’il a fait de ses richesses, de ses forces, de son autorité.
L’abus des adverbes dans une description.
Loc.
Abus de langage, emploi, conscient ou non, d’un mot dans un sens qui n’est pas le sien.
C’est par abus de langage que le mot « achalandé » a pris le sens de « bien approvisionné en marchandises ».
▪ Sans complément.
Pratique consistant à profiter injustement d’une situation, d’un avantage.
Un abus manifeste.
Tolérer, réformer les abus.
La chasse aux abus.
Loc. fam.
Y a de l’abus, c’est exagéré, cela va trop loin.

▪ Spécialement. Marque de domaine : droit.
Abus de droit, faute commise par le titulaire d’un droit qui utilise ce droit en le détournant de son but.
Abus d’autorité, contrainte morale qu’une personne exerce sur quelqu’un qui lui est subordonné ou est dépendant d’elle, afin de lui faire accomplir un acte ; fait, pour un fonctionnaire, d’outrepasser les droits liés à sa fonction.
Abus de confiance, délit consistant à détourner des objets, des valeurs ou des documents remis en vertu d’un contrat.
Abus de jouissance, le fait de dégrader ou de laisser dépérir le fonds dont on a l’usage ou l’usufruit.
Abus de biens sociaux, délit commis par le dirigeant d’une société commerciale qui a utilisé les biens ou le crédit de cette société à des fins personnelles ou pour favoriser une autre société dans laquelle il est intéressé.
Abus de position dominante, pratique illicite d’une entreprise qui cherche à profiter de sa puissance économique pour réduire ou éliminer la concurrence.
Abus de faiblesse, délit qui consiste à exploiter l’ignorance ou la vulnérabilité d’une personne pour l’amener à prendre des décisions ou des engagements dont elle ne peut mesurer la portée.


2. 
Le fait d’agresser sexuellement une personne ou de la violer.
Commettre, dénoncer des abus sexuels.",2026-06-04T04:01:32.830Z
A0194,A,ABUSER,verbe transitif direct et indirect et verbe intransitif,Étymologie : xive siècle. Dérivé d’abus.,"1. 
V. tr. direct.
Tromper, duper quelqu’un.
Abuser l’ennemi par de subtiles manœuvres.
Il l’a abusée par de fausses promesses.
Pron.
Nous nous sommes abusés sur ses intentions.
▪ Loc.
Si je ne m’abuse, sauf erreur de ma part.
Elle a dit qu’elle viendrait, si je ne m’abuse.


2. 
V. tr. indirect (suivi de la préposition de).
Faire un usage mauvais ou excessif de quelque chose.
Abuser du vin, des somnifères.
Abuser de ses forces.
Abuser des métaphores, des citations.
Vous abusez de ma patience.
Il abuse de son crédit pour arriver à ses fins.
Ils ont abusé de notre crédulité.
▪ Suivi d’un complément désignant une personne.
User avec excès de la complaisance, de la bonté ou de la naïveté de quelqu’un.
Ces enfants abusent sans vergogne de leur père.
Abuser d’un ami crédule.

▪ Spécialement.
Agresser sexuellement une personne ou la violer.
Abuser d’une femme.
En emploi direct.
Il a été abusé dans son enfance.",2026-06-04T04:01:32.944Z
A0195,A,"ABUSIF, ABUSIVE",adjectif,"Étymologie : xive siècle. Emprunté du latin tardif abusivus, terme de grammaire signifiant « contraire au bon usage », lui-même dérivé de abuti, « user complètement ; détourner de son usage ».","1. 
Qui témoigne du mauvais usage ou de l’usage excessif qu’on fait de quelque chose.
Pouvoir abusif.
Une consommation abusive de médicaments.
L’emploi abusif d’un mot.
Les pratiques abusives d’une entreprise envers ses concurrents.
Procédure abusive.
Par métonymie.
Vendre à un prix abusif.

2. 
Se dit d’une personne qui abuse de sa position.
Père abusif, mère abusive, qui veut l’affection sans partage de son enfant, qui exerce une domination, une emprise totale sur lui.
Veuve abusive, se disait d’une veuve qui exploite dans son propre intérêt la mémoire de son mari.",2026-06-04T04:01:33.010Z
A0198,A,"ABYSSAL, ABYSSALE",adjectif,"Étymologie : xvie siècle, dans un sens religieux, pour désigner un sentiment d’une profondeur infinie ; xixe siècle, au sens actuel. Dérivé du latin chrétien abyssus, « abîme ».","■ 
Marque de domaine : géographie.
Relatif aux abysses, aux grandes profondeurs marines.
La faune abyssale.
Plaine abyssale, surface plane située dans les fonds océaniques à une profondeur d’environ 5 000 mètres.
▪ Fig.
Immense, insondable.
Un déficit budgétaire abyssal.
Cet homme est d’une stupidité abyssale.",2026-06-04T04:01:33.138Z
A0199,A,ABYSSE,nom masculin,"Étymologie : xixe siècle. Emprunté, par l’intermédiaire du latin chrétien abyssus, « profondeur de l’enfer, abîme », du grec abussos, « ce qui est sans fond ».","Marque de domaine : géographie.
Région sous-marine très profonde, dans laquelle la lumière du soleil ne pénètre pas.
L’exploration des abysses.
La fosse des Mariannes, dont le point le plus bas se situe à près de 11 000 mètres, est l’abysse le plus profond sur la Terre.",2026-06-04T04:01:33.194Z
A0201,A,ACACIA,nom masculin,"Étymologie : xive siècle, acacie ; xvie siècle, acacia. Emprunté du latin acacia, « mimosa ».","■ 
Nom donné à divers arbres ou arbrisseaux de la famille des Fabacées, aux petites fleurs duveteuses, souvent jaunes ou blanches, réunies en inflorescences.
Le mimosa des fleuristes est un acacia.
▪ Spécialement. En apposition.
Robinier faux acacia ou, elliptiquement, faux acacia ou, improprement, acacia, variété de robinier à rameaux épineux et à fleurs blanches et odorantes, disposées en grappes.
Du miel d’acacia.",2026-06-04T04:01:33.268Z
A0210,A,A CAPPELLA,locution adverbiale,"Étymologie : xixe siècle. Locution italienne, signifiant proprement « à la manière de la chapelle », composée de la préposition a, « à », et de cappella, « chapelle », par référence à la musique exclusivement vocale interprétée par les chapelles et les maîtrises.","Marque de domaine : musique.
Sans accompagnement instrumental.
Chanter a cappella.",2026-06-04T04:01:33.499Z
A0222,A,ACCÉDER,verbe transitif indirect,"Étymologie : xiiie siècle. Emprunté du latin accedere, « s’approcher de, parvenir à ».","1. 
Avoir accès à un lieu, à un endroit, ou à ce qui s’y trouve.
On accédait à cette terrasse par quelques marches.
Trois galeries permettent d’accéder aux gradins.
Le coffre est encombré, je ne peux pas accéder à la roue de secours.
Pour accéder à la tumeur, le chirurgien devra pratiquer une profonde incision.
▪ Par extension.
Avoir la possibilité de bénéficier d’un bien, d’un service ou de faire usage de quelque chose.
Accéder à l’eau courante.
Accéder à internet sur son téléphone.
Le site de l’Académie française permet d’accéder à toutes les éditions de son Dictionnaire.
Accéder à des informations fiables.


2. 
Parvenir à une fonction, à un état considérés comme intéressants, avantageux.
Accéder au trône, à un poste important.
Accéder aux honneurs.
Suivre la voie qui permet d’accéder à la sagesse.
Accéder à la propriété, à la culture.

3. 
Répondre favorablement à une demande, y acquiescer.
Accéder à un désir, à une prière.

4. 
Marque de domaine : droit international.
Adhérer à une convention, à un pacte, etc. que d’autres parties ont déjà conclus et en accepter les dispositions.
Un nouvel État a accédé au traité.",2026-06-04T04:01:33.841Z
A0236,A,ACCÈS,nom masculin,"Étymologie : xiiie siècle. Emprunté du latin accessus, « approche ; accès » et « attaque (en parlant d’une maladie) », lui-même dérivé de accedere, « s’approcher de, parvenir à ».","1. 
Possibilité de parvenir en un lieu, un endroit, d’y pénétrer, ou d’atteindre ce qui s’y trouve.
Le portail donne accès au jardin.
Une rampe d’accès.
L’accès au chantier est interdit.
Cette île est d’un accès difficile.
Une trappe permet l’accès au compteur.
Par métonymie.
Voie, passage permettant d’atteindre ce lieu, cet endroit.
La garde défendait l’accès du palais.
Les accès de l’immeuble sont surveillés.
▪ Par analogie.
Possibilité d’approcher, de rencontrer quelqu’un, de lui parler.
Avoir libre accès auprès du ministre.
Le directeur est d’un accès difficile.

▪ Fig.
Qualité de ce qu’on peut connaître, comprendre.
« Ulysse », de James Joyce, n’est pas d’accès facile.


2. 
Le fait de pouvoir bénéficier d’un bien, d’un service ou de pouvoir faire usage de quelque chose.
Avoir accès aux produits de première nécessité.
Le billet d’entrée du musée donne aussi accès à l’exposition temporaire.
Un fournisseur d’accès à l’internet.
Avoir accès aux dossiers confidentiels.
▪ Spécialement. Marque de domaine : informatique.
Le fait de pouvoir accéder à des données stockées dans un système informatique ou de pouvoir utiliser des ressources de ce système, au moyen d’une procédure déterminée.
L’accès à ces contenus est protégé par un code.


3. 
Le fait de parvenir à une fonction, à un état considérés comme intéressants, avantageux.
L’accès au pouvoir.
Ce concours donne accès à la haute fonction publique.
L’accès d’un pays à l’indépendance.
Avoir accès à l’éducation.

4. 
Marque de domaine : pathologie.
Crise morbide qui, dans certaines affections, peut revenir par intermittence.
Un accès de toux, de fièvre.
Un accès de paludisme.
▪ Par extension.
Mouvement intérieur brusque et passager sous l’empire duquel on agit.
Un accès de colère, de désespoir, de fou rire.

▪ Loc. adv.
Par accès, d’une manière irrégulière.
Il travaille par accès.",2026-06-04T04:01:34.176Z
A0237,A,ACCESSIBILITÉ,nom féminin,Étymologie : xviie siècle. Dérivé d’accessible.,"1. 
Qualité de ce qui est accessible.
L’accessibilité d’un hôpital.
L’accessibilité d’un poste aux jeunes diplômés.
▪ Spécialement.
Caractère d’un lieu, d’un service auquel peuvent accéder, grâce à des dispositifs, des mesures adaptés, les personnes en situation de handicap.
L’accessibilité d’un bâtiment, des transports publics aux personnes à mobilité réduite.
Activer la fonction d’accessibilité pour les malvoyants sur un ordinateur.
Respecter les normes d’accessibilité.


2. 
Possibilité qu’a quelqu’un d’avoir accès à quelque chose.
L’accessibilité de tous les citoyens aux emplois publics.
L’accessibilité d’une population aux soins.",2026-06-04T04:01:34.224Z
A0238,A,ACCESSIBLE,adjectif,"Étymologie : xive siècle. Emprunté du latin chrétien accessibilis, « accessible », lui-même dérivé de accedere, « s’approcher de, parvenir à ».","1. 
Se dit d’un lieu, d’un endroit qu’on peut atteindre ou de ce qui s’y trouve.
Leur maison est accessible par un sentier étroit.
Un sommet difficilement accessible.
Le robinet d’évacuation est accessible par une trappe.
▪ Par analogie.
Se dit d’une personne que l’on peut approcher, rencontrer, avec qui on peut parler.
En dépit de ses responsabilités, c’est quelqu’un d’accessible.
Expr. fig.
Être accessible à quelque chose, y être sensible, ouvert.
Il est accessible à la pitié.
Il n’est guère accessible aux idées nouvelles.

▪ Fig.
Se dit de ce que l’on peut comprendre, connaître.
C’est une œuvre accessible au plus grand nombre.
Sa musique n’est guère accessible au profane.


2. 
Se dit d’un bien, d’un service dont on peut bénéficier, de quelque chose dont on peut faire usage.
Le site de la banque n’est pas accessible pour le moment.
Les archives de cette période sont désormais accessibles aux chercheurs.

3. 
Se dit de ce qui permet de parvenir à une fonction, à un état considérés comme intéressants, avantageux.
Cette filière professionnelle est accessible aux personnes qui n’ont pas le baccalauréat.

4. 
Spécialement.
Se dit d’un lieu, d’un service auquel peuvent accéder, grâce à des dispositifs, des mesures adaptés, les personnes en situation de handicap.
Aménager un bureau de vote pour qu’il soit accessible.
Ce film est rendu accessible par l’audiodescription.",2026-06-04T04:01:34.302Z
A0239,A,ACCESSION,nom féminin,"Étymologie : xiie siècle, au sens d’« attaque d’une maladie » ; xviiie siècle, au sens 2 ; xixe siècle, au sens 1. Emprunté du latin accessio, « arrivée ; accès (de fièvre) » et « progrès, accroissement ».","1. 
Le fait de parvenir à une dignité, à une fonction donnée ou à un nouvel état.
L’accession à la magistrature suprême.
L’accession à un poste honorifique, à un grade élevé.
L’accession d’un pays à l’indépendance.
L’accession à la propriété.
▪ Spécialement. Marque de domaine : droit civil.
Extension du droit de propriété à ce que produit un bien ou à ce qui peut venir s’y incorporer.
Les fruits de la terre, le croît des animaux, les alluvions appartiennent au propriétaire par droit d’accession.


2. 
Marque de domaine : droit international.
Le fait d’adhérer à une convention, à un pacte, etc. que d’autres parties ont déjà conclus et d’en accepter les dispositions.
L’accession d’un État à un traité.",2026-06-04T04:01:34.373Z
A0244,A,ACCIDENT,nom masculin,"Étymologie : xiie siècle. Emprunté du latin accidens, « évènement fortuit ou funeste », participe présent substantivé de accidere, « tomber vers, sur ; arriver par hasard », lui-même dérivé de la racine indo-européenne *cad, marquant l’action de tomber.","1. 
Évènement qui arrive de manière imprévue, en bien ou en mal (vieilli).
Un heureux, un funeste accident.
La vie humaine est sujette à bien des accidents.
Les accidents de la fortune.
Loc. adv.
Par accident, par hasard.
Il a fait cette découverte par accident.
▪ Ne s’emploie plus guère que pour désigner un évènement fâcheux.
Son échec n’aura été qu’un accident.
Loc.
Accident de parcours, fait imprévu qui perturbe passagèrement le cours normal d’une action, d’une opération, d’une carrière (on dit aussi Incident de parcours).
Sauf accident, à moins d’un contretemps.
Sauf accident, il sera à l’heure.


2. 
Évènement soudain pouvant entraîner des dommages plus ou moins graves.
Un accident de la route, de chemin de fer.
Il est mort dans un accident d’avion.
Un accident a endeuillé la course.
Un accident de montagne.
▪ Spécialement. Marque de domaine : administration. Marque de domaine : droit.
Accident du travail, qui arrive à un travailleur, à un salarié sur son lieu de travail ou qui est causé par l’exercice de son travail.
– Marque de domaine : pathologie.
Accident cardiaque.
Accident vasculaire cérébral ou, par abréviation, AVC, affection neurologique soudaine et parfois mortelle, causée par l’obstruction ou la rupture d’un vaisseau dans une zone du cerveau.
L’AVC est souvent appelé « attaque cérébrale ».
Accidents secondaires, tertiaires de la syphilis, symptômes apparaissant aux stades secondaire, tertiaire de cette maladie.



3. 
Marque de domaine : philosophie.
Ce qui peut apparaître ou disparaître sans entraîner la destruction ou l’altération du sujet, de la substance.

4. 
Déformation, modification de quelque chose.
Surtout dans la locution Accident de terrain, inégalité du relief.
Utiliser les accidents de terrain pour faire de la culture en terrasse.
▪ Spécialement. Marque de domaine : musique.
Altération placée devant une note, à l’intérieur d’une mesure, pour en élever ou en abaisser le son.
L’accident, aussi appelé « altération accidentelle », se distingue de l’altération constitutive, qui est placée en début de portée et affecte toutes les notes identiques d’un morceau.
Le bécarre est un accident qui ramène au ton naturel une note altérée par un dièse ou un bémol.",2026-06-04T04:01:34.542Z
A0264,A,ACCOMMODATION,nom féminin,"Étymologie : xive siècle, au sens de « prêt gratuit » ; xixe siècle, au sens 1 ; xxe siècle, au sens 2. Emprunté du latin accommodatio, « appropriation ; esprit d’accommodement ».","1. 
Marque de domaine : physiologie.
Ensemble de modifications morphologiques de l’œil lui permettant de mettre au point l’image des objets qui se rapprochent ou qui se trouvent près de lui ; la mise au point elle-même.
L’accommodation est principalement due à une augmentation de la courbure du cristallin sous l’action du muscle ciliaire.

2. 
Marque de domaine : biologie.
Adaptation d’un organisme au milieu où il vit par l’acquisition d’un ou de plusieurs accommodats.",2026-06-04T04:01:34.972Z
A0266,A,ACCOMMODER,"verbe transitif direct, verbe intransitif et verbe pronominal","Étymologie : xive siècle, au sens de « réparer une injure, un tort », puis de « mettre à disposition ». Emprunté du latin accommodare, « ajuster, adapter ».","1. 
Arranger, aménager un lieu, une chose.
Elle a accommodé sa maison avec goût.
Il a bien accommodé son jardin.
Par analogie.
Vous voilà accommodé d’étrange façon.
Il s’est fait accommoder de belle manière, il s’est fait malmener en paroles et en actes.
▪ Fig.
Transformer, modifier quelque chose à sa convenance.
Il aime accommoder la vérité.

▪ Spécialement. Marque de domaine : cuisine.
Apprêter un mets en l’assaisonnant, en lui ajoutant un ou plusieurs ingrédients.
Accommoder du veau avec de la crème et des morilles.
Un poisson accommodé à la provençale.
L’art d’accommoder les restes.


2. 
Terminer une contestation par un arrangement amiable ; concilier des intérêts opposés, des points de vue différents.
Accommoder une querelle, un désaccord.
Dans cette affaire, vous pourriez accommoder sa position et la vôtre.

3. 
Adapter une chose à une autre.
Accommodez vos actes à vos paroles.
Accommoder son langage aux circonstances.",2026-06-04T04:01:35.122Z
A0267,A,"ACCOMPAGNATEUR, ACCOMPAGNATRICE",nom,"Étymologie : xviie siècle, au sens 1 ; xxe siècle, au sens 2. Dérivé d’accompagner.","1. 
Marque de domaine : musique.
Personne qui, dans l’exécution d’un morceau, soutient sur un instrument la mélodie ou la partie principale.
La cantatrice fit son entrée avec son accompagnateur.

2. 
Personne qui accompagne quelqu’un dans un déplacement.
Il a choisi son accompagnateur pour le congrès.
▪ Désigne en particulier la personne responsable d’un groupe qu’elle accompagne dans une visite, une excursion, un séjour.
L’accompagnatrice d’un voyage organisé.
En apposition.
Guide accompagnateur.",2026-06-04T04:01:35.182Z
A0674,A,AFFABULATION,nom féminin,"Étymologie : xviiie siècle, au sens 1 ; xxe siècle, au sens 2. Emprunté du latin tardif affabulatio, « morale d’une fable », lui-même dérivé de fabula, « conversation ; récit fictif, pièce de théâtre ; apologue ».","1. 
Vieilli.
Trame, intrigue d’une œuvre d’imagination.
Voici en deux mots l’affabulation de cette pièce de théâtre, de ce roman.

2. 
Le fait de présenter comme vraies des histoires inventées ; par métonymie, le propos ainsi tenu (on a dit aussi Fabulation).
Son témoignage n’est que pure affabulation.",2026-06-04T04:01:43.241Z
A0675,A,AFFABULER,verbe transitif direct et verbe intransitif,Étymologie : xxe siècle. Tiré d’affabulation.,"1. 
V. tr. direct. Vieilli.
Agencer la trame, l’intrigue d’une œuvre d’imagination.
Affabuler un récit.

2. 
V. intr.
Présenter comme vraies des histoires inventées (on a dit aussi Fabuler).",2026-06-04T04:01:43.351Z
A0802,A,AFRICANISATION,nom féminin,Étymologie : xxe siècle. Dérivé d’africaniser.,Action d’africaniser ou de s’africaniser ; résultat de cette action.,2026-06-04T04:01:45.789Z
A0803,A,AFRICANISER,verbe transitif direct,"Étymologie : xxe siècle. Dérivé savant du latin africanus, « africain ».","■ 
Donner un caractère africain à quelque chose.
Surtout pron.
Une mode vestimentaire qui s’africanise.
▪ Par extension. Marque de domaine : histoire.
S’est employé, dans certains pays d’Afrique, après la décolonisation, lorsque les fonctionnaires coloniaux ont été remplacés par des Africains.
Africaniser la fonction publique.",2026-06-04T04:01:45.915Z
A1708,A,ANDROGYNE,nom masculin et adjectif,"Étymologie : xive siècle, comme adjectif, dans l’expression metal androgyn, désignant en alchimie un amalgame ; xvie siècle, comme nom. Emprunté, par l’intermédiaire du latin, du grec androgunos, « hermaphrodite ; homme efféminé », lui-même composé de anêr, andros, « homme », et de gunê, « femme ».","1. 
N. m.
Être qui tient à la fois de l’homme et de la femme.
Platon s’est servi du mythe de l’androgyne pour illustrer sa théorie de l’amour.
Adjectivement.
Une divinité androgyne.
(On dit plus souvent Hermaphrodite.)

2. 
Adj.
Se dit d’une personne dont l’apparence, l’allure ne permettent pas de la rattacher à l’un ou à l’autre sexe.
Un mannequin androgyne.
Subst.
Un, une androgyne.
▪ Par métonymie.
Une silhouette androgyne.",2026-06-04T04:02:03.908Z
A1709,A,ANDROGYNIE,nom féminin,Étymologie : xvie siècle. Dérivé d’androgyne.,Caractère d’une personne androgyne.,2026-06-04T04:02:03.970Z
A1949,A,ANTICOLONIALISME,nom masculin,Étymologie : xxe siècle. Composé d’anti‑ et de colonialisme.,"Attitude, doctrine de ceux qui s’opposent au colonialisme, aux politiques de colonisation.
L’anticolonialisme d’André Gide s’exprime particulièrement dans ses journaux de voyage au Congo et au Tchad.
L’anticolonialisme d’Aimé Césaire.",2026-06-04T04:02:08.824Z
A2028,A,ANTISÉMITE,adjectif,"Étymologie : xixe siècle. Composé d’anti‑ et de sémite, sous l’influence de l’allemand antisemitisch, de même sens.","Relatif à l’antisémitisme ; qui fait preuve d’antisémitisme, se réclame de l’antisémitisme.
Les lois antisémites du régime de Vichy.
Un acte, une insulte à caractère antisémite.
Un écrivain antisémite.
Subst.
Un, une antisémite.",2026-06-04T04:07:54.857Z
A2029,A,ANTISÉMITISME,nom masculin,"Étymologie : xixe siècle. Dérivé d’antisémite, sous l’influence de l’allemand Antisemitismus, de même sens, lui-même forgé, sur le modèle des mots savants, par le journaliste allemand Wilhelm Marr (1819-1904), qui souhaitait présenter la haine des Juifs comme scientifiquement fondée.","■ 
Hostilité systématique à l’égard des Juifs ou du judaïsme ; doctrine raciste qui se fonde sur cette hostilité.
L’affaire Dreyfus fut un révélateur de l’ampleur de l’antisémitisme en France.
L’antisémitisme était un des piliers du régime nazi.
La lutte contre l’antisémitisme.
▪ Par extension.
Attitude, comportement qui relève de cette hostilité, de cette doctrine.
Faire preuve d’antisémitisme.",2026-06-04T04:07:54.941Z
A2315,A,AQUAPLANAGE,nom masculin,"Étymologie : xxe siècle. Tiré de l’anglais aquaplaning, de même sens.","Dérapage d’un véhicule qui se produit sur une route mouillée en raison d’une perte d’adhérence des pneus.
Les pneus lisses favorisent l’aquaplanage.",2026-06-04T04:08:00.977Z
A2725,A,"ARYEN, ARYENNE",adjectif,"Étymologie : xixe siècle. Emprunté du latin arianus, « habitant de l’Arie », ancienne province d’Asie.","1. 
Relatif aux tribus établies en Iran au IIIe millénaire avant notre ère, qui firent la conquête du Nord de l’Inde.
Subst.
Un Aryen, une Aryenne.
▪ Par extension.
Se disait, dans des théories racistes développées dans la deuxième moitié du xixe siècle, des individus blancs et de type dit nordique, qui étaient présentés comme les descendants de ces tribus et considérés comme de race pure et supérieure.
Les nazis plaçaient la population aryenne au sommet de leur hiérarchie raciale.
Subst.
Un Aryen, une Aryenne.


2. 
Marque de domaine : linguistique. Vieilli.
Se disait d’un groupe de langues indo-européennes qui regroupe les familles iranienne et indo-aryenne (on dit plutôt Indo-iranien).
En composition.
Indo-aryen, voir ce mot.",2026-06-04T04:08:08.877Z
A2756,A,"ASEXUÉ, ASEXUÉE",adjectif,"Étymologie : xixe siècle, d’abord comme terme de botanique. Dérivé savant du latin sexus, « sexe », avec le préfixe privatif a‑ [ii].","1. 
Marque de domaine : biologie.
Par opposition à Sexué.
Dépourvu d’organe de reproduction mâle ou femelle.
Un être asexué.
Une plante asexuée.
▪ Par extension.
Se dit du mode de reproduction par lequel un organisme donne naissance, sans rencontre de gamètes, à un ou plusieurs descendants qui lui sont génétiquement identiques.
La multiplication asexuée ou, plus souvent, la reproduction asexuée des bactéries.
La reproduction asexuée de la vigne par bouturage ou par marcottage.
Ce parasite se reproduit par voie asexuée.
Par métonymie.
La phase de développement asexuée d’une hydre.
Spore asexuée, qui donne naissance à un individu asexué, par opposition à Spore mâle, femelle.


2. 
Qui ne présente aucune des caractéristiques propres à un sexe.
Une voix asexuée.",2026-06-04T04:08:09.703Z
A3407,A,"AVÉRÉ, AVÉRÉE",adjectif,Étymologie : xvie siècle. Tiré du participe passé d’avérer.,"Reconnu pour vrai, établi comme sûr et certain.
C’est un fait avéré.",2026-06-04T04:08:22.089Z
A3408,A,AVÉRER,verbe transitif direct et verbe pronominal,"Étymologie : xiie siècle, au sens de « réaliser (une prophétie, une volonté) ; approuver ». Emprunté du latin médiéval adverare, « faire valoir un document comme authentique », lui-même dérivé de verus, « vrai ».","1. 
Être reconnu pour vrai, se confirmer.
La nouvelle s’avéra bientôt.
Ses qualités se sont avérées.

2. 
Se révéler tel ou tel.
Il s’est avéré un excellent gestionnaire.
L’entreprise s’avéra vaine, difficile.
L’affaire s’est avérée relever d’une autre juridiction.
Impers.
Après quelques recherches, il s’avéra que la chose était impossible.
Il s’est avéré que vous aviez raison.
RemarqueComme Avérer est associé, du fait de son étymologie, à l’idée de vrai, on évitera des tournures comme Ses soupçons se sont avérés vrais, exacts, qui est une redondance, ou comme Cette nouvelle s’est avérée fausse, inexacte, qui est contradictoire.",2026-06-04T04:08:22.210Z
A3468,A,AVORTON,nom masculin,"Étymologie : xiiie siècle, d’abord au sens d’« individu né avant terme ». Dérivé d’avorter.","1. 
Vieilli.
Être vivant qui n’a pas atteint un développement complet.
Le dernier chiot de cette portée est un avorton.

2. 
Péj.
Être humain de petite taille, difforme, chétif.",2026-06-04T04:08:23.372Z
B0165,B,"BALADEUR, BALADEUSE",adjectif et nom masculin,"Étymologie : xve siècle, au sens d’« escroc » ; xixe siècle, au sens de « flâneur » ; xxe siècle, au sens II. Dérivé de balader.","1. 
Fam.
Qui aime se promener ; relatif à la promenade.
Des jeunes gens baladeurs.
Être d’humeur baladeuse, avoir envie de marcher.
▪ Expr. fig.
Avoir la main baladeuse ou les mains baladeuses, s’autoriser des caresses, des gestes inappropriés sur certaines parties du corps de quelqu’un.


2. 
Qu’on peut déplacer facilement.
Une lampe baladeuse ou, elliptiquement et substantivement, une baladeuse, une lampe sans fil, ou munie d’un long fil, qui peut être aisément changée de place.
Micro baladeur, qu’on passe d’une personne à l’autre au cours d’un débat, d’une discussion.",2026-06-04T04:10:34.286Z
B0236,B,BALLE,nom féminin,Étymologie : xviie siècle. Peut-être emploi spécialisé de balle [i].,"■ 
Fam.
Précédé d’un adjectif numéral cardinal et le plus souvent au pluriel.
A désigné le franc ; désigne l’euro, depuis sa mise en circulation en 2002.
Une pièce de dix balles.
Ça m’a coûté cent balles.
▪ Loc. adj. fig.
À deux balles, de peu de valeur ; superficiel, médiocre.
Un raisonnement à deux balles.
C’est de la psychologie à deux balles.
Une plaisanterie à deux balles.",2026-06-04T04:10:35.668Z
B0521,B,BASER,verbe transitif direct,"Étymologie : xvie siècle, d’abord basser, « fonder sur », en architecture. Dérivé de base.","1. 
Marque de domaine : militaire.
Installer des soldats dans une ou plusieurs bases.
Baser des troupes sur divers points du territoire.
La flotte basée dans le Pacifique.
Plusieurs unités ont été basées aux frontières.

2. 
Fig.
Fonder, établir, asseoir quelque chose.
Une théorie basée sur des observations précises.
Ce pays a basé sa prospérité sur l’industrie et l’agriculture.
▪ Pron.
S’appuyer sur tel ou tel élément pour démontrer quelque chose, justifier ses dires.
Se baser sur des statistiques.
Sur quoi se base-t-il pour affirmer de telles inepties ?

RemarqueCet emploi figuré, auparavant déconseillé, est aujourd’hui entré dans l’usage courant.",2026-06-04T04:10:41.245Z
B0784,B,BELGE,adjectif,"Étymologie : xvie siècle, comme substantif. Emprunté du latin Belga, qui désignait un habitant de la Gaule dite belgique, province romaine située entre l’Oise et l’Escaut, lui-même d’origine celtique.","■ 
Relatif à la Belgique, à ses habitants ; originaire de Belgique.
Une bière belge.
Le franc belge a été remplacé par l’euro.
Le malinois et le groenendael sont des variétés de berger belge.
▪ Spécialement.
Se dit d’une personne qui a la nationalité de ce pays.
Les écrivains belges d’expression française.
Subst. Avec une majuscule.
Un, une Belge.
Une visite du roi des Belges.
Les Belges wallons, les Belges flamands.",2026-06-04T04:10:46.359Z
B1107,B,BILAN,nom masculin,"Étymologie : xvie siècle. Emprunté de l’italien bilancio, « état des comptes », lui-même déverbal de bilanciare, « peser, mettre en équilibre ».","1. 
Marque de domaine : finance.
État des comptes indiquant, à un moment donné, la balance de l’actif et du passif d’une entreprise.
Arrêter, dresser un bilan, un bilan financier.
Le bilan accuse des pertes considérables.
Analyser les chiffres d’un bilan.
▪ Loc.
Déposer son bilan, le bilan, en parlant d’une entreprise, déclarer au greffe du tribunal de commerce qu’elle est en état de cessation de paiements.
Dépôt de bilan, le fait, pour une entreprise, de déclarer qu’elle est en cessation de paiements.
Consolidation d’un bilan, Bilan consolidé, voir Consolidation, Consolidé.


2. 
Résultat global d’une action, d’une opération, etc., effet qui en découle ; évaluation d’ensemble, analyse d’une situation.
Le bilan d’un règne, d’une législature, d’une guerre.
Le bilan de cet accident ferroviaire est très lourd.
Faire le bilan de son existence.
▪ Spécialement. Marque de domaine : physique. Marque de domaine : chimie.
Bilan thermique, dans lequel sont pris en compte les échanges de chaleur qui ont eu lieu entre un système et son environnement au cours d’une transformation, d’une réaction.
– Marque de domaine : médecine.
Bilan sanguin, sérologique, analyse des constituants du sang, du sérum d’un patient.
Bilan de santé, série d’examens et d’analyses destinée à faire le point sur l’état d’un sujet qui ne présente pas de manifestations apparentes de maladie Remarque : (on préfèrera ce mot à l’anglicisme Check-up).

– Marque de domaine : écologie.
Bilan d’émissions de gaz à effet de serre, estimation de la quantité de gaz à effet de serre émise par une personne, une entreprise, une activité pendant un temps donné (on préfèrera cette locution au nom déposé, imprécis, Bilan carbone).

– Marque de domaine : droit du travail.
Bilan de compétences, évaluation des capacités d’un salarié cherchant à se reconvertir, qui est fondée sur ses savoirs et ses expériences.
Bilan social, désigne, par métonymie, le document annuel qu’établit un employeur afin de présenter la situation sociale de son entreprise et dans lequel figurent notamment des données concernant les rémunérations, la formation, les conditions de travail des salariés.",2026-06-04T04:10:52.744Z
B1185,B,BIOTIQUE,adjectif,"Étymologie : xixe siècle. Emprunté du latin bioticus, « qui permet de vivre ».","1. 
Marque de domaine : biologie.
Qui permet la vie.
Un milieu biotique.

2. 
Marque de domaine : écologie.
Qui se rapporte aux êtres vivants.
Facteur biotique, relatif aux êtres vivants présents dans un milieu et à leurs relations interspécifiques ou intraspécifiques.
La compétition, la prédation, la coopération sont des facteurs biotiques.",2026-06-04T04:10:54.288Z
B1237,B,BISEXUALITÉ,nom féminin,"Étymologie : xixe siècle. Dérivé de sexualité, avec le préfixe bi‑.","1. 
Marque de domaine : biologie.
Le fait d’être bisexué.
La bisexualité s’observe chez de nombreux végétaux.
(On dit plus souvent Hermaphrodisme.)

2. 
Marque de domaine : psychanalyse.
Bisexualité psychique, dans la théorie freudienne, coexistence originelle dans le psychisme de dispositions masculines et féminines.

3. 
Sexualité des bisexuels ; fait d’être bisexuel.",2026-06-04T04:10:55.324Z
B1238,B,"BISEXUÉ, BISEXUÉE",adjectif,"Étymologie : xixe siècle. Composé à l’aide de bi‑ et de sexe, sur le modèle de bisexuel.","■ 
Marque de domaine : biologie.
Qui possède les organes de reproduction des deux sexes, simultanément ou consécutivement.
La plupart des gastéropodes sont bisexués.
▪ Spécialement. Marque de domaine : botanique.
Qui a les étamines et le pistil réunis dans la même fleur ou qui porte sur le même pied les fleurs mâles et les fleurs femelles.
La plupart des angiospermes sont bisexuées.
Par métonymie.
Une fleur bisexuée.

(On dit plus souvent Hermaphrodite.)",2026-06-04T04:10:55.402Z
B1239,B,"BISEXUEL, BISEXUELLE",adjectif,Étymologie : xixe siècle. Composé à l’aide de bi‑ et de sexe.,"1. 
Marque de domaine : biologie. Vieilli.
Bisexué.

2. 
Qui éprouve une attirance sexuelle pour des individus des deux sexes.
Subst.
Un bisexuel, une bisexuelle.
(On dit aussi, par abréviation et familièrement, Bi.)
▪ Par extension.
Relatif à la sexualité des personnes attirées par des individus du même sexe et des individus de sexe différent.
Des relations bisexuelles.",2026-06-04T04:10:55.472Z
B1461,B,"BOHÉMIEN, BOHÉMIENNE",nom et adjectif,"Étymologie : xve siècle, au sens 1 ; xviiie siècle, au sens 2. Dérivé de Bohême, parce que, pour le sens 1, on pensait que ces communautés nomades venaient de Bohême.","1. 
N.
Désignait naguère, parfois de manière péjorative, les membres de communautés nomades qu’on appelait aussi gitans, romanichels, manouches.
Des roulottes, un campement de bohémiens.
Une bohémienne diseuse de bonne aventure.
La figure de la bohémienne dans la littérature du xixe siècle.
▪ Par extension. Péj. et vieilli.
Vagabond.
Il mène une vie de bohémien.


2. 
Adj. Rare.
Relatif à la Bohême et à ses habitants.",2026-06-04T04:10:59.690Z
B2464,B,BURNOUS,nom masculin,"Étymologie : xvie siècle, barnusse ; rare avant le xixe siècle. Emprunté de l’arabe burnūs, « capuchon d’un vêtement », puis « vêtement à capuchon ».","■ 
Longue cape pourvue d’un capuchon et fermée à l’encolure, que l’on enfile par la tête.
Un burnous de laine.
Le burnous est traditionnellement porté en Afrique du Nord.
Le burnous rouge des spahis.
▪ Expr. fig., pop. et péj.
Faire suer le burnous, se disait des colons qui faisaient travailler durement la main-d’œuvre autochtone et, par extension, de personnes en exploitant d’autres.",2026-06-04T04:11:19.227Z
C1226,C,CÈDRE,nom masculin,"Étymologie : xiie siècle. Emprunté du latin cedrus, « cèdre ; bois de cèdre », lui-même emprunté du grec kedros, de même sens.","■ 
Conifère de la famille des Pinacées, dont la ramure se déploie horizontalement et dont les aiguilles sont disposées en bouquets et les cônes, dressés.
Le cèdre du Liban, de l’Atlas.
▪ Par métonymie.
Le bois de cet arbre, dur, odorant et qui s’altère peu.
Un coffret de cèdre.
De l’huile de cèdre.

▪ Expr. fig. tirée du premier livre des Rois, dans la Bible.
Depuis le cèdre jusqu’à l’hysope, du plus grand au plus petit.",2026-06-04T04:14:11.711Z
C1298,C,CENT,nom masculin,Étymologie : xixe siècle. Mot de l’anglais des États-Unis.,"La centième partie de l’unité monétaire de différents pays, notamment du dollar américain et du dollar canadien.
Une pièce de vingt-cinq cents.",2026-06-04T04:14:13.192Z
C1312,C,CENTIME,nom masculin,"Étymologie : xviiie siècle. Dérivé de cent [i], sur le modèle de décime.","1. 
La centième partie du franc qui était l’unité monétaire de la France avant l’adoption de l’euro.
Une pièce de cinq centimes.
Un franc et soixante centimes ou, elliptiquement, un franc soixante.

2. 
La centième partie du franc qui est l’unité monétaire de divers pays.
Dix centimes de franc suisse, de franc CFA.",2026-06-04T04:14:13.592Z
C2665,C,CLÔTURER,verbe transitif direct,Étymologie : xviiie siècle. Dérivé de clôture.,"1. 
Entourer un espace d’une clôture, l’enclore.
Clôturer une prairie.

2. 
Fig.
Arrêter, terminer une chose, la considérer comme achevée.
Clôturer un compte.
La séance vient d’être clôturée.
RemarqueClôturer étant au figuré un simple doublet de clore, on lui préfèrera clore ou des périphrases telles que mettre fin à, mettre un terme à.",2026-06-04T04:14:40.559Z
C2863,C,COINCER,verbe transitif direct et verbe intransitif,"Étymologie : xviiie siècle, coinser. Dérivé de coin.","1. 
Marque de domaine : technique.
Serrer, fixer quelque chose avec des coins (rare).
Par extension.
Coincer une pièce entre les mâchoires d’un étau.
▪ Par analogie.
Bloquer, empêcher de bouger.
Coincer une porte avec une cale.
Pron.
Le mécanisme s’est coincé, il ne fonctionne plus.
Se coincer le dos, les cervicales.
Au participe passé.
Le dossier était coincé au fond du tiroir.
Plusieurs victimes sont coincées sous les décombres.


2. 
Fam.
Retenir quelqu’un contre son gré, faire qu’il ne puisse pas partir, se dérober.
Il m’a coincé entre deux portes pour me raconter ses malheurs.
Les policiers ont fini par coincer le coupable, par le démasquer, l’arrêter.
Au participe passé.
Elle est coincée chez elle car elle attend une livraison.
▪ Fig.
Mettre une personne en difficulté, dans l’impossibilité d’agir ou de répondre.
L’examinateur a voulu le coincer avec une question piège.
Au participe passé.
Je suis coincé et ne sais comment me tirer d’affaire.",2026-06-04T04:14:44.666Z
C2990,C,COLON,nom masculin,"Étymologie : xive siècle. Emprunté du latin colonus, « cultivateur, métayer ; habitant d’une colonie », lui-même dérivé de colere, « habiter ; cultiver ».","1. 
Marque de domaine : Antiquité.
Personne qui quittait sa cité, son pays pour aller s’établir dans un territoire étranger et y constituer une nouvelle communauté, y fonder une nouvelle cité.
Marseille fut fondée par des colons grecs.
Les colons romains étaient, pour beaucoup, des vétérans que l’on avait récompensés en leur donnant des terres conquises par Rome.

2. 
Marque de domaine : histoire.
Européen qui s’est installé dans une colonie de son pays.
Les colons français d’Algérie.
Les colons néerlandais d’Afrique du Sud.
▪ En apposition.
Art colon, sculpture colon, caractéristiques de l’art africain de la seconde moitié du xxe siècle, et dont les œuvres représentent des colons, en particulier des fonctionnaires, souvent reconnaissables à leur tenue et à leur casque colonial.


3. 
S’emploie parfois pour désigner les Israéliens installés dans certains territoires qui ont été conquis par Israël en 1967, lors de la guerre des Six Jours.",2026-06-04T04:14:47.253Z
C2994,C,COLONAT,nom masculin,Étymologie : xixe siècle. Dérivé de colon [i].,"■ 
Marque de domaine : histoire.
À l’époque du Bas-Empire et du haut Moyen Âge, condition, état de colon.
▪ Par extension. Marque de domaine : droit.
Bail à colonat partiaire, en droit rural, contrat temporaire de location d’un domaine, dans lequel le preneur, appelé colon, s’engageait à partager les produits avec le bailleur.
La locution « bail à colonat partiaire » a été remplacée par celle de « bail à métayage ».",2026-06-04T04:14:47.389Z
C2997,C,"COLONIAL, COLONIALE",adjectif et nom masculin,Étymologie : xviiie siècle. Dérivé de colonie.,"1. 
Qui se rapporte à une ou plusieurs colonies, aux colonies et, spécialement, à celles que possédaient les puissances européennes entre le xve et le xxe siècle.
Les autorités coloniales.
L’empire colonial de l’Espagne, du Royaume-Uni, de la France.
L’époque, l’ère coloniale.
▪ Par extension.
Se disait de ce qui était propre aux colonies, de ce qui venait des colonies.
Les maladies coloniales.
Un magasin, un comptoir de denrées coloniales.
Les bois coloniaux.

▪ Loc.
Pacte colonial, voir Pacte.
Frontières coloniales, limites territoriales héritées du temps de la colonisation et qui, particulièrement en Afrique, furent maintenues comme frontières des nouveaux États indépendants.
L’École coloniale, institution chargée de former les cadres des colonies françaises jusqu’en 1959, et dont le nom officiel devint, en 1934, École nationale de la France d’outre-mer.
Troupes coloniales, nom que portèrent les troupes de marine entre 1900 et 1958.
Il a servi quinze ans dans les troupes coloniales ou, substantivement et familièrement, dans la coloniale.
Infanterie coloniale, artillerie coloniale, nom de l’infanterie et de l’artillerie de marine entre 1900 et 1958.
Exposition coloniale, manifestation organisée par les puissances coloniales, entre le milieu du xixe siècle et le milieu du xxe siècle, afin de promouvoir leur politique de colonisation, et au cours de laquelle des habitants des colonies étaient mis en scène dans leur vie quotidienne.
L’Exposition coloniale internationale de 1931, à Paris.
Casque colonial, coiffure faite de liège et de toile, que portaient les Européens dans les colonies pour se protéger du soleil.
Style colonial, style architectural typique des maisons construites par les colons.
Une villa de style colonial.
Foie colonial (vieilli), nom qui était donné à diverses affections digestives touchant les colons et qu’on pensait dues au climat et aux conditions de vie.
Fam.
Quart d’heure colonial, moment d’égarement, de folie.
Le quart d’heure colonial d’un chat.


2. 
Marque de domaine : biologie.
Qui vit en colonie.
Les morses sont des animaux coloniaux.",2026-06-04T04:14:47.524Z
C2998,C,COLONIALISME,nom masculin,Étymologie : xixe siècle. Dérivé de colonial.,"■ 
Politique d’un État qui consiste à conquérir des territoires extérieurs et à y installer ses ressortissants afin de contrôler militairement ces territoires, d’en exploiter les ressources et de les administrer ; doctrine qui inspire ou justifie cette politique.
Le colonialisme des pays européens, au xixe siècle.
Georges Clemenceau s’opposa aux tenants du colonialisme, en particulier à Jules Ferry.
▪ Par extension.
Ensemble des relations administratives, économiques et sociales établies entre un pays et ses colonies.",2026-06-04T04:14:47.587Z
C2999,C,COLONIALISTE,adjectif,Étymologie : xixe siècle. Dérivé de colonial.,"Relatif à la politique, à la doctrine du colonialisme ; qui est partisan du colonialisme.
Des écrits colonialistes.
Un parti colonialiste.
Subst.
Un, une colonialiste.
Les colonialistes justifiaient la colonisation en se réclamant d’une mission civilisatrice.",2026-06-04T04:14:47.646Z
C3000,C,COLONIE,nom féminin,"Étymologie : xive siècle. Emprunté du latin colonia, « ferme ; colonie », lui-même dérivé de colere, « cultiver ; habiter ».","1. 
Marque de domaine : Antiquité.
Groupe de personnes qui quittaient leur cité, leur pays pour aller s’établir dans un territoire étranger et y constituer une nouvelle communauté, y fonder une nouvelle cité ; cette communauté, cette cité elle-même.
Une colonie emportait avec elle sa langue, ses lois et ses dieux.
Des colonies de vétérans romains furent envoyées en Gaule après sa conquête par Jules César.
Carthage était une colonie phénicienne.
Les colonies grecques d’Asie Mineure.
Les colonies romaines de Cordoue, d’Arles.

2. 
Marque de domaine : histoire.
Territoire situé hors d’Europe et conquis entre le xve siècle et le début du xxe siècle par une puissance européenne, qui y installait ses ressortissants pour le contrôler militairement, en exploiter les ressources et l’administrer.
Les colonies espagnoles et portugaises d’Amérique du Sud.
Le Canada fut une des premières colonies françaises.
Les colonies britanniques, allemandes, belges d’Afrique.
Le mouvement d’indépendance des colonies, l’accession à l’indépendance des colonies.
▪ Loc.
Colonie de peuplement, où sont installés en nombre des colons.
Colonie d’exploitation, dont sont exploitées les ressources agricoles et minières.
Colonie de plantation, où se trouvaient de vastes domaines agricoles le plus souvent cultivés par des esclaves.


3. 
S’emploie parfois pour désigner les implantations israéliennes dans certains territoires conquis par Israël en 1967, lors de la guerre des Six Jours.",2026-06-04T04:14:47.735Z
C3001,C,"COLONISATEUR, COLONISATRICE",adjectif,Étymologie : xixe siècle. Dérivé de coloniser.,"Qui a colonisé un territoire.
Une nation colonisatrice.
Subst.
Les Romains ont été des colonisateurs.",2026-06-04T04:14:47.791Z
C3002,C,COLONISATION,nom féminin,"Étymologie : xviiie siècle. Emprunté de l’anglais colonization, de même sens.","1. 
Action de coloniser un territoire ; résultat de cette action.
La colonisation phénicienne.
La colonisation de l’Algérie par la France.

2. 
Par analogie.
Le fait, pour une espèce animale ou végétale, d’envahir un lieu, d’y prospérer au détriment des autres espèces présentes.
La colonisation d’un étang par des algues.",2026-06-04T04:14:47.851Z
C3003,C,"COLONISÉ, COLONISÉE",adjectif,Étymologie : xixe siècle. Tiré du participe passé de coloniser.,"Marque de domaine : histoire.
Qui vit sous un statut colonial.
L’émancipation des peuples colonisés.
Subst.
Les anciens colonisés.",2026-06-04T04:14:47.929Z
C3004,C,COLONISER,verbe transitif direct,"Étymologie : xviiie siècle. Probablement emprunté de l’anglais to colonize, de même sens, dérivé de colony, « colonie », lui-même emprunté du français colonie.","1. 
Marque de domaine : Antiquité.
S’établir dans un territoire étranger et y constituer une nouvelle communauté, y fonder une nouvelle cité.
Les Grecs ont colonisé le pourtour méditerranéen.

2. 
Marque de domaine : histoire.
Faire d’un territoire étranger une ou plusieurs colonies.
Au xvie siècle, les Espagnols et les Portugais colonisèrent l’Amérique du Sud.
Avant la Seconde Guerre mondiale, la plupart des pays d’Afrique étaient colonisés.",2026-06-04T04:14:48.088Z
C3032,C,COLTIN,nom masculin,"Étymologie : xvie siècle, colletin, au sens de « pourpoint de cuir », puis « gilet des forts des Halles ». Dérivé de collet.","Anciennement.
Chapeau en cuir et à larges bords porté par les coltineurs, relevé à l’avant et retombant à l’arrière sur la nuque, qui servait à protéger le cou et les épaules.",2026-06-04T04:14:48.668Z
C3033,C,COLTINER,verbe transitif direct et verbe pronominal,"Étymologie : xviiie siècle, au sens de « saisir par le coltin, arrêter » ; xixe siècle, au sens 1 ; xxe siècle, au sens 2. Dérivé de coltin.","1. 
V. tr. direct. Vieilli.
Porter de lourdes charges, à la manière des coltineurs, sur le dos et sur la nuque et, par extension, de toute autre manière.
Coltiner des sacs de charbon.
Coltiner des valises.

2. 
V. pron. Pop.
Assumer une corvée, une tâche difficile ; vivre une expérience pénible.
Je me suis coltiné tout le déménagement.
Elle se coltinait le travail de ses collègues.
Il a dû se coltiner tout le trajet debout.
▪ Par extension.
Il a dû se coltiner un client tout l’après-midi, il a dû le supporter.",2026-06-04T04:14:48.790Z
C3034,C,COLTINEUR,nom masculin,Étymologie : xixe siècle. Dérivé de coltiner.,"Anciennement.
Débardeur muni d’un coltin, qui transportait de lourdes charges sur le dos et la nuque.",2026-06-04T04:14:48.854Z
C3163,C,"COMMUNICANT, COMMUNICANTE",adjectif et nom,"Étymologie : xviiie siècle, au sens I ; xxe siècle, au sens II. Tiré du participe présent de communiquer.","1. 
Personne qui fait un exposé devant une société savante, une assemblée.
Les communicants d’un colloque.

2. 
Celui, celle qui exerce un métier relevant de la communication au sein d’une entreprise, d’une organisation, etc.
Les communicants d’un groupe industriel, d’un parti politique.",2026-06-04T04:14:51.598Z
C3342,C,"CON, CONNE",nom et adjectif,"Étymologie : xiie siècle. Issu du latin cunnus, « sexe de la femme ».","1. 
N. m. Vulgaire.
Organe sexuel de la femme.

2. 
N. Pop. et péj.
S’emploie pour désigner une personne imbécile, idiote ou déplaisante.
Quel con !
Quelle conne !
Il s’est conduit comme un con.
▪ 
Loc. et expr.
Faire le con, jouer au con, se montrer déraisonnable ; faire l’imbécile.
Mort aux cons ! exclamation qui s’emploie dans l’argot militaire, figurant notamment dans la devise de certains escadrons.
En entendant la formule « Mort aux cons ! », le général de Gaulle aurait dit « Vaste programme ! ».
À la con, ridicule, absurde, sans grand intérêt.
Une histoire à la con.",2026-06-04T04:14:55.099Z
C3365,C,CONCERNANT,préposition,Étymologie : xvie siècle. Tiré du participe présent de concerner.,"En ce qui concerne, au sujet de, relativement à.
Concernant ce projet, je n’ai rien à ajouter.",2026-06-04T04:14:55.673Z
C3366,C,CONCERNER,verbe transitif direct,"Étymologie : xive siècle. Emprunté du latin médiéval concernere, de même sens, issu du latin tardif concernere, « voir ; considérer l’ensemble de quelque chose », lui-même composé à l’aide de cum, « avec », et de cernere, « passer au crible ; distinguer, examiner ».","■ 
Toucher, intéresser quelqu’un ou quelque chose, se rapporter à quelqu’un ou à quelque chose.
Cela ne me concerne pas.
Cette affaire ne concerne pas mon service.
Il n’ignore rien de ce qui concerne son art.
L’Assemblée a voté une loi concernant l’héritage.
Vous êtes directement concerné par cette mesure.
Il ne se sent pas concerné, il considère que cela ne le regarde pas.
Au participe passé, adjectivement.
S’adresser aux personnes concernées.
RemarqueOn a longtemps pensé que l’emploi de concerner à la voix passive n’était pas possible, comme il ne l’est pas non plus pour certains verbes comparables ; par exemple, regarder, lorsqu’il est employé au sens de « concerner ; être d’intérêt ou d’importance pour », ne s’utilise qu’à la voix active : cette démarche vous regarde.
L’usage a de fait évolué et les emplois au passif de ce verbe se rencontrent aujourd’hui fréquemment.

▪ Loc. prép.
En ce qui concerne ou, dans la langue soutenue, pour ce qui concerne, au sujet de, pour ce qui est de.
En ce qui concerne la situation économique, je suis très inquiet.
Pour ce qui concerne la réception, le nombre d’invités est limité.
En ce qui me concerne, quant à moi, pour ma part.
En ce qui les concerne, ils sont favorables à une autre solution.",2026-06-04T04:14:55.789Z
C3556,C,CONFRONTATION,nom féminin,"Étymologie : xive siècle. Emprunté du latin médiéval confrontatio, « limite entre deux propriétés », puis « rapprochement de deux choses en vue d’une comparaison », lui-même dérivé de confrontare, « être contigu à ».","1. 
Marque de domaine : droit.
Action de confronter des personnes en vue d’établir la vérité d’un fait.
La confrontation de deux témoins.
Le juge d’instruction a procédé à une confrontation générale.
Par métonymie.
La confrontation de témoignages contradictoires.
▪ 
Par extension.
La confrontation de deux élèves soupçonnés d’avoir copié l’un sur l’autre.


2. 
Fait de rapprocher deux choses pour les comparer.
La confrontation de deux écritures.
La confrontation des différentes versions d’une œuvre littéraire.
La confrontation de programmes politiques.
RemarqueConfrontation est parfois confondu avec Affrontement, qui a le même radical.
On prendra garde de distinguer La confrontation de deux armées, l’analyse de leurs forces et de leur organisation respectives, et L’affrontement de deux armées, le fait qu’elles livrent combat.",2026-06-04T04:14:59.683Z
C3557,C,CONFRONTER,verbe transitif direct,"Étymologie : xive siècle. Emprunté du latin médiéval confrontare, « être contigu à », lui-même composé à l’aide de cum, « avec », et de frons, « front ».","1. 
Marque de domaine : droit.
Mettre des personnes en présence l’une de l’autre pour opposer et vérifier leurs déclarations en vue d’établir la vérité d’un fait.
Confronter deux témoins.
Confronter la victime à l’accusé, avec l’accusé.
Par métonymie.
Confronter les versions des suspects.
▪ Par extension.
Je les ai confrontés pour savoir lequel m’avait menti.


2. 
Rapprocher deux choses pour les comparer.
Confronter deux textes.
Confronter des opinions sur un fait, sur un projet.
Nous avons confronté nos points de vue.

3. 
Loc.
Être confronté à, se trouver face à quelque chose, y être exposé.
Elle a été confrontée à l’hostilité de son entourage.
Un État confronté à une crise économique.
Ils sont confrontés à un choix dramatique.",2026-06-04T04:14:59.795Z
C3640,C,CONNERIE,nom féminin,Étymologie : xixe siècle. Dérivé de con [iii].,"Pop. et péj.
Bêtise, stupidité.
Il est d’une connerie affligeante.
Par extension.
Ce film est d’une connerie sans nom.
Par métonymie.
Tu as encore fait une connerie.
Il ne dit que des conneries.",2026-06-04T04:15:01.431Z
C3680,C,"CONSENTANT, CONSENTANTE",adjectif,Étymologie : xiie siècle. Tiré du participe présent de consentir.,"■ 
Qui consent, qui donne son accord à quelqu’un, qui accepte ce qui lui est proposé.
Êtes-vous consentant ?
▪ Se dit en particulier d’une personne qui accepte librement d’avoir une relation sexuelle.
Une relation entre adultes consentants.

▪ Spécialement. Marque de domaine : droit.
Qui donne son consentement.
Les parties présentes et consentantes.",2026-06-04T04:15:02.500Z
C3681,C,CONSENTEMENT,nom masculin,Étymologie : xiie siècle. Dérivé de consentir.,"■ 
Action de donner son accord à quelqu’un, d’accepter ce qu’il propose ; résultat de cette action.
Consentement verbal, tacite.
Accorder, refuser son consentement.
Donner son consentement par écrit.
Arracher, extorquer le consentement de quelqu’un.
Par métonymie.
L’échange des consentements entre les époux, lors du mariage.
▪ Désigne en particulier le fait d’accepter librement d’avoir une relation sexuelle.
L’absence de consentement a été introduite dans la définition pénale du viol en 2025.

▪ Spécialement. Marque de domaine : droit.
Dans un acte juridique, adhésion de l’une des parties à la proposition de l’autre.
Le divorce par consentement mutuel a été instauré en 1975 sous la présidence de Valéry Giscard d’Estaing.
Vice de consentement ou du consentement, voir Vice.
– Marque de domaine : médecine.
Accord écrit qu’un patient donne avant tout acte médical important.
Recevoir le consentement libre et éclairé d’un malade.

– Marque de domaine : philosophie.
Assentiment donné à une affirmation.
Une vérité fondée sur le consentement universel.",2026-06-04T04:15:02.576Z
C3761,C,CONSTITUTIONNALISER,verbe transitif direct,Étymologie : xixe siècle. Dérivés de constitutionnel.,"Marque de domaine : droit.
Donner à un texte législatif valeur de loi constitutionnelle.
La garantie de pouvoir recourir à l’interruption volontaire de grossesse a été constitutionnalisée en France en 2024.",2026-06-04T04:15:04.226Z
C3762,C,CONSTITUTIONNALISME,nom masculin,Étymologie : xixe siècle. Dérivés de constitutionnel.,"Marque de domaine : droit.
Doctrine selon laquelle une constitution écrite peut seule garantir les libertés individuelles.",2026-06-04T04:15:04.292Z
C3763,C,CONSTITUTIONNALISTE,nom,Étymologie : xixe siècle. Dérivés de constitutionnel.,"1. 
Vieilli.
Partisan du constitutionnalisme.

2. 
Spécialiste du droit constitutionnel.",2026-06-04T04:15:04.354Z
C3764,C,CONSTITUTIONNALITÉ,nom féminin,Étymologie : xviiie siècle. Dérivés de constitutionnel.,"Marque de domaine : droit.
Conformité d’un texte législatif à la constitution d’un pays.
Contester la constitutionnalité d’un projet de loi.
Le contrôle de la constitutionnalité des lois est effectué en France par le Conseil constitutionnel.
Question prioritaire de constitutionnalité, requête qu’un justiciable peut soumettre au Conseil constitutionnel à l’occasion d’un litige administratif ou judiciaire, afin que celui-ci détermine si une disposition législative porte atteinte aux libertés garanties par la Constitution.",2026-06-04T04:15:04.421Z
C3787,C,CONSULTABLE,adjectif,Étymologie : xviie siècle. Dérivé de consulter.,"Qui peut être consulté.
Ce livre n’est pas consultable actuellement.
Le mode d’emploi est consultable en ligne.",2026-06-04T04:15:04.901Z
C3788,C,"CONSULTANT, CONSULTANTE",nom,Étymologie : xvie siècle. Tiré du participe présent de consulter.,"1. 
Vieilli.
Personne qui demande une consultation à un médecin, un avocat, un juriste, etc.
Les consultants se pressaient dans la salle d’attente.

2. 
Celui, celle qui, dans un domaine, fait autorité par son savoir, sa compétence et à qui l’on fait appel pour connaître son avis, son analyse sur une question donnée.
Recourir à un consultant juridique, scientifique.
Un consultant en organisation, en gestion.
Cet ancien footballeur est devenu consultant pour la télévision.
Cet ingénieur a été engagé comme consultant.
Un cabinet de consultants.
▪ En apposition.
Médecin, avocat consultant.",2026-06-04T04:15:04.963Z
C3789,C,"CONSULTATIF, CONSULTATIVE",adjectif,Étymologie : xviie siècle. Dérivé de consulter.,"■ 
Que l’on consulte, qui a pour mission de donner son avis sur certaines matières relevant de sa compétence mais qui n’a pas de pouvoir décisionnel.
Un comité, un organe consultatif.
Le Conseil économique, social et environnemental est une assemblée consultative composée de représentants de la société civile.
▪ Par métonymie.
Voix consultative, qui, lors des délibérations d’une assemblée, permet seulement d’exprimer son avis, par opposition à Voix délibérative, qui donne un pouvoir de décision, un droit de vote.
Il siège dans cette commission, mais seulement avec voix consultative.
Spécialement.
Marque de domaine : droit.
Avis consultatif, opinion sollicitée, mais qui n’entraîne pas une décision juridique obligatoire.",2026-06-04T04:15:05.044Z
C3790,C,CONSULTATION,nom féminin,"Étymologie : xive siècle. Emprunté du latin consultatio, « action de délibérer ; question posée à quelqu’un ».","1. 
Action de solliciter quelqu’un pour lui demander conseil ou connaître son avis.
Il a démissionné après la consultation de ses proches.
À la suite de la consultation de ses administrés, le maire a pris telle décision.
Consultation électorale, scrutin organisé pour avoir l’opinion des électeurs sur une question donnée.

2. 
Action de prendre l’avis de celui, de celle qui fait autorité, dans un domaine, par son savoir, sa compétence.
Il ne signera pas le contrat sans la consultation de son comptable.
Après consultation du Conseil d’État.
La consultation d’une cartomancienne.

3. 
Action de regarder, d’examiner, d’étudier un document, un livre, un appareil pour y chercher une information.
La consultation d’une carte.
La salle de consultation des manuscrits, dans une bibliothèque.
La consultation d’un thermomètre.
Par extension.
La consultation d’un site internet.
▪ Par métonymie.
La consultation des auteurs classiques.


4. 
Fait, pour un spécialiste, de donner son avis sur une matière de sa compétence.
Consultation juridique.
Une consultation payante, gratuite.
▪ Spécialement.
Pour un médecin, action d’examiner le patient dans son cabinet ou à l’hôpital, par opposition à Visite à domicile, et, par extension, dans quelque cadre que ce soit.
Le prix de la consultation est moins élevé que celui de la visite.
Les heures, les jours de consultation.
Une consultation de tabacologie.
Une blouse de consultation.


5. 
Conférence que tiennent plusieurs personnes pour confronter leurs opinions et prendre une décision, quand elles se trouvent en présence d’un cas ou d’un problème difficile.
La maladie s’aggravant, le médecin traitant a demandé une consultation avec ses confrères.
Une consultation d’experts.",2026-06-04T04:15:05.116Z
C3792,C,CONSULTER,"verbe transitif direct et indirect, verbe intransitif et verbe pronominal","Étymologie : xve siècle. Emprunté du latin consultare, « délibérer ; interroger ».","A. 
Verbe transitif direct.
1. 
Solliciter quelqu’un pour lui demander conseil ou connaître son avis.
Consulter son conjoint, ses amis avant de prendre une décision.
La direction veut consulter les syndicats avant de donner son accord.
▪ Fig. et vieilli.
Consulter son cœur.
Consulter ses forces.


2. 
Prendre l’avis de celui, de celle qui fait autorité par son savoir, sa compétence dans un domaine.
Consulter une cardiologue.
Consulter un avocat avant d’intenter une action en justice.
Consulter un expert.
Consulter un astrologue, une voyante et, par métonymie, consulter les astres, les tarots.
▪ Absolument.
Avant de vous engager dans ce procès, vous devriez consulter.
S’emploie surtout à propos d’un professionnel de la santé et, en particulier, d’un psychothérapeute.
Il devrait aller consulter.
Remarque : (Cet emploi absolu, auparavant déconseillé, est aujourd’hui entré dans l’usage.)


3. 
Regarder, examiner, étudier un document, un livre, un appareil pour y trouver une information.
Consulter le plan d’une ville.
Ce manuscrit ne se consulte que sur place.
Consulter un dictionnaire.
Consulter les ouvrages des philosophes grecs ou, par métonymie, consulter les philosophes grecs.
Consulter sa montre, le baromètre.
Par extension.
Consulter sa messagerie électronique.
▪ Par analogie.
Il consulta sa mémoire, ses souvenirs pour reconstituer les faits.

▪ Loc.
Consulter son miroir, s’y regarder pour s’assurer de sa mine ou de sa mise.



B. 
Verbe transitif indirect.
Vieilli.
Délibérer avec d’autres sur un sujet donné.
Il veut en consulter avec ses amis.
Plusieurs spécialistes ont consulté sur sa maladie.",2026-06-04T04:15:05.285Z
C3797,C,CONTACTER,verbe transitif direct,Étymologie : xixe siècle. Dérivé de contact.,"Prendre contact, entrer en relation avec quelqu’un.
En arrivant au Caire, votre agent devra contacter tel fonctionnaire, tel bureau.
Il a cherché à vous contacter plusieurs fois dans la matinée.",2026-06-04T04:15:05.489Z
C3832,C,CONTEXTE,nom masculin,"Étymologie : xvie siècle, au sens d’« ensemble formé par les différentes clauses d’un acte juridique » ; xviiie siècle, au sens propre ; xixe siècle, au sens figuré. Emprunté du latin contextus, « assemblage ; enchaînement », lui-même dérivé de contexere, « tisser ensemble, assembler ».","■ 
Ensemble des éléments d’un texte, d’un discours qui entourent un mot, une phrase, un passage et en éclairent le sens.
Le contexte d’emploi d’un terme.
Dans un contexte négatif.
Fausser le sens d’une citation en l’isolant de son contexte.
Le contexte de l’article montre que cette affirmation est ironique.
▪ Fig.
Ensemble de circonstances qui accompagnent un évènement, une action, une situation.
Tenir compte du contexte social, culturel, historique.
Dans le contexte économique actuel.
Remarque : (Cet emploi figuré, auparavant déconseillé, se rencontre aujourd’hui fréquemment dans l’usage.)",2026-06-04T04:15:06.323Z
C4144,C,COORDONNÉES,nom féminin pluriel,"Étymologie : xviiie siècle. Forme féminine substantivée du participe passé de coordonner, au pluriel.","■ 
Marque de domaine : sciences.
Données qui, dans un système d’axes de référence, permettent de fixer la position d’un point dans le plan ou dans l’espace (s’emploie parfois au singulier pour désigner chacune de ces données).
Dans le plan, les coordonnées cartésiennes sont l’abscisse et l’ordonnée.
Système de coordonnées, voir Système.
L’origine des coordonnées, le point à partir duquel les axes de référence sont gradués.
Coordonnées bipolaires, polaires, rectangulaires, voir ces mots.
Les coordonnées géographiques sont la longitude et la latitude.
En astronomie, on repère un astre grâce à ses coordonnées horizontales, horaires ou équatoriales.
▪ Fig.
Indications qui permettent de joindre quelqu’un, tels l’adresse ou le numéro de téléphone.
Je n’ai pas vos coordonnées.
Remarque : (Cet emploi figuré, auparavant déconseillé, se rencontre aujourd’hui fréquemment dans l’usage.)",2026-06-04T04:15:12.554Z
C4339,C,CORRECTIONNALISER,verbe transitif direct,Étymologie : xixe siècle. Dérivés de correctionnel.,"Marque de domaine : droit.
Qualifier de délit ce qui était réputé crime pour le faire juger par le tribunal correctionnel.
Correctionnaliser un vol avec violence.",2026-06-04T04:15:16.384Z
C4444,C,COTE,nom féminin,"Étymologie : xive siècle. Emprunté du latin médiéval quota, dans l’expression quota pars, « part qui revient à chacun », lui-même issu du latin quotus, « en quel nombre, combien ».","1. 
Indication servant à situer quelque chose dans l’espace.
Spécialement. Marque de domaine : mathématiques.
Celle des coordonnées qui est conventionnellement énoncée après l’abscisse et l’ordonnée, dans un repère cartésien de l’espace.
La cote est notée « z ».
– Marque de domaine : topographie.
Grandeur indiquant l’altitude d’un lieu, calculée par rapport au niveau de la mer ou à un point de référence donné.
Une cote de niveau.
La Seine au pont de la Concorde est à la cote 26, à vingt-six mètres au-dessus du niveau de la mer.
Par métonymie.
Le point géographique défini par cette cote.
Nos troupes ont repris à l’ennemi la cote 304.

– Marque de domaine : géographie.
Indication du niveau atteint par les eaux d’une rivière.
Cote d’étiage.
Les services hydrographiques enregistrent les cotes à chaque crue.
Cote d’alerte, niveau des eaux au-delà duquel commence une inondation et, au figuré, point critique.
La dette a dépassé la cote d’alerte.

– Marque de domaine : technique.
Chacune des indications chiffrées donnant les dimensions d’une chose.
Les cotes d’un appartement.
Les cotes sont portées sur le plan par l’architecte, le géomètre.
Un croquis sans cotes.
Les cotes d’une pièce à usiner.
Les cotes d’encombrement d’un meuble.

– Marque de domaine : documentation.
Chacune des indications alphabétiques ou numériques qui permettent de classer des documents, des livres.
Les pièces de ce dossier sont sous la cote A.
Les dictionnaires sont classés sous la cote 443.


2. 
Indice qui note une valeur, une estimation.
Spécialement. Marque de domaine : finance.
Cours officiel d’une valeur, d’une monnaie, d’un titre négociés en Bourse ; par métonymie, tableau qui indiquait l’ensemble des cours (vieilli).
L’évolution de la cote d’une action permet de savoir si elle est recherchée par les investisseurs.
Admission à la cote, voir Admission.
Par extension.
Cours de certaines marchandises, qui évolue en fonction de l’offre et de la demande.
La cote des voitures d’occasion.
La cote de la peinture impressionniste ou, par métonymie, la cote des peintres impressionnistes.
– Marque de domaine : hippisme.
Valeur inversement proportionnelle à la probabilité de victoire d’un cheval lors d’une course, qui permet à un parieur d’estimer ses gains.
Ce cheval a une cote de 3 contre 1, il a de fortes chances de remporter la course.
La cote de ce cheval est à 20 contre 1, les parieurs qui l’ont joué gagnant toucheront vingt fois leur mise s’il arrive premier.
Par extension.
La cote d’un club de football.
Loc.
Pari à la cote (vieilli) ou pari à cote fixe, dans lequel la cote ne dépend pas de la probabilité de victoire mais est établie arbitrairement.

– Marque de domaine : enseignement.
En Belgique.
Note portée sur un devoir.


3. 
Appréciation favorable que l’opinion publique porte sur une personnalité.
Selon les derniers sondages, sa cote est en hausse.
La cote de popularité d’un chanteur, d’une actrice.
▪ Loc. et expr.
Avoir la cote, être bien vu, être estimé.
Cet employé a la cote.
Cote d’amour, popularité d’une personne et, par extension, d’une chose.",2026-06-04T04:15:18.547Z
C4762,C,CRACK,nom masculin,Étymologie : xixe siècle. Mot anglais.,"1. 
Marque de domaine : hippisme.
Cheval de course hors du commun, aux qualités remarquables.

2. 
Par analogie. Fam.
Sportif qui se distingue dans sa discipline (vieilli) ou, par extension, personne qui excelle dans une activité quelconque.
C’est un crack en mathématiques.",2026-06-04T04:15:24.845Z
C4860,C,CRÉDIBILITÉ,nom féminin,"Étymologie : xviie siècle. Emprunté du latin tardif credibilitas, de même sens.","■ 
Caractère de ce qui est crédible.
Les éléments sur lesquels se fonde la crédibilité d’un fait.
Ce témoignage manque de crédibilité.
Spécialement. Marque de domaine : théologie.
Chez les catholiques, caractère d’un dogme tel qu’il appelle l’adhésion raisonnée.
▪ Par extension.
Mettre en doute la crédibilité de son interlocuteur.",2026-06-04T04:15:27.242Z
C4861,C,CRÉDIBLE,adjectif,"Étymologie : xve siècle. Emprunté du latin credibilis, « qui peut être cru ».","■ 
À quoi l’on peut croire.
Une histoire, une proposition, une explication crédible.
▪ Par extension.
Se dit d’une personne dont les arguments, les propos semblent dignes de foi, dont l’autorité, la compétence est reconnue.
Il n’est pas crédible en défenseur de la vertu.",2026-06-04T04:15:27.312Z
C4865,C,CRÉDITER,verbe transitif direct,Étymologie : xviie siècle. Dérivé de crédit.,"■ 
Marque de domaine : comptabilité. Marque de domaine : banque.
Inscrire au crédit de quelqu’un.
Je vous ai crédité hier des cinq cents euros que vous m’aviez avancés.
Par extension.
Votre compte a été crédité de telle somme.
Dans une comptabilité en partie double, toute opération a pour effet de créditer un compte par le débit d’un autre compte.
▪ Expr.
Créditer à nouveau, voir Nouveau.
Vieilli.
Être crédité sur une place de commerce, avoir des lettres de crédit sur elle.

▪ Fig.
Reconnaître à quelqu’un le mérite, la paternité de quelque chose.
Créditer une personne d’une idée, d’une invention, d’un succès.
C’est une chose que d’accomplir un acte juste, une autre d’en être crédité.
Un sportif crédité de telle performance.",2026-06-04T04:15:27.553Z
C4930,C,"CRÉTIN, CRÉTINE",nom et adjectif,"Étymologie : xviiie siècle. Mot du valaisan, signifiant proprement « chrétien », puis, par euphémisme, « innocent ; simple d’esprit », issu du latin christianus, « chrétien ».","1. 
Marque de domaine : pathologie.
Vieilli.
Personne atteinte de crétinisme.
▪ Loc. fig. et fam.
Crétin des Alpes, s’emploie parfois comme insulte, par référence au crétinisme endémique qui touchait particulièrement les régions montagneuses et résultait d’une insuffisance thyroïdienne.


2. 
Fam. et péj.
Individu particulièrement dénué d’intelligence.
C’est un crétin, un parfait crétin.
Se faire traiter de crétin.
Quelle crétine !",2026-06-04T04:15:28.959Z
C4931,C,CRÉTINERIE,nom féminin,Étymologie : xixe siècle. Dérivé de crétin.,"Fam. et péj.
Manque complet d’intelligence.
Il a eu la crétinerie de le croire.
Par extension.
Cet article est d’une rare crétinerie.
Par métonymie.
Faire, dire des crétineries.",2026-06-04T04:15:29.034Z
C4932,C,CRÉTINISER,verbe transitif direct,Étymologie : xixe siècle. Dérivé de crétin.,"Fam. et péj.
Abêtir, abrutir.",2026-06-04T04:15:29.161Z
C4933,C,CRÉTINISME,nom masculin,"Étymologie : xviiie siècle, au sens 1 ; xixe siècle au sens 2. Dérivé de crétin.","1. 
Marque de domaine : pathologie. Vieilli.
Retard mental accompagné de troubles somatiques, résultant d’une insuffisance thyroïdienne.
Le crétinisme dû à une carence en iode a presque disparu en Europe.
Le crétinisme est appelé de nos jours « hypothyroïdie congénitale ».

2. 
Rare. Fam. et péj.
Manque complet d’intelligence.",2026-06-04T04:15:29.234Z
C5086,C,CROSSING-OVER,nom masculin invariable,"Étymologie : xxe siècle. Mot de l’anglais des États-Unis, dérivé de to cross over, « faire un croisement (entre des plantes ou des animaux) ».","Marque de domaine : biologie.
Remarque : À ce mot, qui est un anglicisme, on préfèrera Enjambement.",2026-06-04T04:15:32.273Z
C5312,C,CURABILITÉ,nom féminin,Étymologie : xixe siècle. Dérivé de curable.,"Marque de domaine : médecine.
Caractère de ce qui est curable ; état d’une personne curable.
La curabilité d’un trouble psychiatrique.",2026-06-04T04:15:36.678Z
C5313,C,CURABLE,adjectif,"Étymologie : xive siècle. Emprunté du latin tardif curabilis, de même sens.","Marque de domaine : médecine.
Qui peut être guéri.
Une affection curable.
Un malade difficilement curable.",2026-06-04T04:15:36.747Z
D0191,D,DÉBILE,adjectif,"Étymologie : xiiie siècle, au sens 1 ; xixe siècle, au sens 2 ; xxe siècle, au sens 3. Emprunté du latin debilis, « infirme ; faible ».","1. 
Vieilli.
Qui manque de force physique, de vigueur ; qui est d’une faible constitution.
Un corps débile.
Un vieillard débile ou, par métonymie, de santé débile.
Par analogie.
Un arbrisseau débile.
▪ Par extension.
Une raison, une mémoire débile.
Une volonté débile, un courage débile.

▪ Fig.
Se disait de ce qui manque d’efficacité, ne remplit pas sa fonction.
Un pouvoir débile.


2. 
Marque de domaine : psychopathologie. Vieilli.
Se disait d’une personne atteinte de débilité mentale.
Un jeune homme débile.
Subst.
Un débile mental, une débile mentale ou, elliptiquement, un, une débile.
Un débile léger, moyen, profond.

3. 
Fam. et péj.
Qui est dépourvu de toute intelligence.
Il est vraiment débile.
Subst.
Quelle débile, cette fille !
▪ Par extension.
Qui dénote la stupidité, un grand manque de réflexion.
Ce feuilleton est vraiment débile.
Un discours débile.",2026-06-04T04:17:13.230Z
D0192,D,DÉBILEMENT,adverbe,Étymologie : xve siècle. Dérivé de débile.,D’une manière débile.,2026-06-04T04:17:13.295Z
D0193,D,"DÉBILITANT, DÉBILITANTE",adjectif,"Étymologie : xvie siècle, au sens 1 ; xxe siècle, au sens 2. Tiré du participe présent de débiliter.","1. 
Vieilli.
Qui est propre à débiliter, à affaiblir physiquement ou moralement.
Un régime débilitant.
Une oisiveté débilitante.

2. 
Fam.
Propre à abêtir, à abrutir.
Des loisirs débilitants.",2026-06-04T04:17:13.362Z
D0194,D,DÉBILITATION,nom féminin,"Étymologie : xive siècle. Emprunté du latin debilitatio, « affaiblissement, découragement ».","Vieilli.
Affaiblissement physique ou moral.
Présenter des signes de débilitation.",2026-06-04T04:17:13.421Z
D0195,D,DÉBILITÉ,nom féminin,"Étymologie : xive siècle, au sens 1 ; xixe siècle, au sens 2 ; xxe siècle, au sens 3. Emprunté du latin debilitas, « infirmité, faiblesse ».","1. 
Vieilli.
Manque de force physique, de vigueur ; état d’une personne de faible constitution.
Débilité du corps, des jambes.
Débilité congénitale, sénile.
Par extension.
Débilité de la vue.
▪ Fig.
Manque d’efficacité, incapacité à remplir sa fonction.
La débilité des institutions.


2. 
Marque de domaine : psychopathologie. Vieilli.
Débilité mentale ou, elliptiquement, débilité, désignait, dans d’anciennes classifications, un trouble du développement intellectuel, congénital ou acquis, moins sévère que l’imbécilité.

3. 
Fam. et péj.
Manque total d’intelligence.
Cet homme est d’une débilité sans nom.
Par extension.
Son dernier film est d’une débilité consternante.",2026-06-04T04:17:13.500Z
D0196,D,DÉBILITER,verbe transitif direct,"Étymologie : xive siècle. Emprunté du latin debilitare, « affaiblir, estropier, réduire à l’impuissance ».","Vieilli.
Affaiblir physiquement ou moralement.
Un climat qui débilite l’organisme ou, absolument, qui débilite.",2026-06-04T04:17:13.619Z
D0306,D,DÉCADE,nom féminin,"Étymologie : xive siècle, au sens 1. Emprunté du latin tardif decada, « nombre dix ; dizaine », emprunté du grec dekas, dekados, « groupe de dix ; dizaine », lui-même dérivé de deka, « dix ».","1. 
Marque de domaine : littérature.
Chacune des dix parties d’un ouvrage.
Les décades de l’« Histoire romaine », de Tite-Live.

2. 
Période de dix jours.
Dans le calendrier républicain, le mois était divisé en trois décades.
Les Décades de Pontigny, nom donné à des rencontres organisées par Paul Desjardins dans la première moitié du xxe siècle, qui réunissaient des intellectuels venus débattre de différents sujets.
RemarqueOn prendra garde de ne pas confondre Décade avec Décennie, qui désigne une période de dix années.",2026-06-04T04:17:17.035Z
D0472,D,DÉCIMATION,nom féminin,"Étymologie : xvie siècle. Emprunté du latin decimatio, « action de décimer ».","1. 
Marque de domaine : Antiquité.
Chez les Romains.
Action de décimer une troupe ; résultat de cette action.
La décimation d’une légion rebelle.
On recourut parfois à la décimation lors de certains conflits modernes.

2. 
Par extension. Rare.
Action de faire périr à l’intérieur d’un groupe, d’une population un grand nombre d’êtres vivants ; résultat de cette action.
RemarqueOn prendra garde de ne pas confondre Décimation avec Extermination, qui s’emploie lorsque tous les êtres évoqués ont été anéantis.",2026-06-04T04:17:20.350Z
D0475,D,DÉCIMER,verbe transitif direct,"Étymologie : xvie siècle, au sens 1 ; xixe siècle, au sens 2. Emprunté du latin decimare, « punir de mort un soldat sur dix », lui-même dérivé de decem, « dix ».","1. 
Marque de domaine : Antiquité.
Chez les Romains.
Punir une troupe qui a failli en mettant à mort un soldat sur dix à la suite d’un tirage au sort.
Décimer une compagnie.

2. 
Par extension.
Faire périr à l’intérieur d’un groupe, d’une population un nombre important d’êtres vivants.
Ce régiment fut décimé par le feu de l’ennemi.
La population du village, de la ville a été décimée par un tremblement de terre.
Une épidémie a décimé le troupeau.
RemarqueOn prendra garde de ne pas confondre Décimer avec Exterminer, qui s’emploie lorsque tous les êtres évoqués ont été anéantis.",2026-06-04T04:17:20.523Z
D0545,D,DÉCOLONISATION,nom féminin,Étymologie : xxe siècle. Dérivé de décoloniser.,"Marque de domaine : histoire.
Action de décoloniser ; résultat de cette action.
Le processus de décolonisation a commencé sur le continent américain.
La décolonisation de l’Inde, en 1947.",2026-06-04T04:17:21.892Z
D0546,D,DÉCOLONISER,verbe transitif direct,"Étymologie : xxe siècle. Dérivé de coloniser, avec le préfixe dé- [i].","Marque de domaine : histoire.
Mettre fin au statut de colonie d’un pays.
La plupart des États africains ont été décolonisés dans les années qui ont suivi la Seconde Guerre mondiale.
Absolument.
Un gouvernement résolu à décoloniser, à mettre en œuvre une politique de décolonisation.",2026-06-04T04:17:22.009Z
D1301,D,DÉMOTIVER,verbe transitif direct,"Étymologie : xxe siècle. Dérivé de motiver, avec le préfixe dé- [i].","Faire perdre à quelqu’un toute motivation, toute raison ou toute envie d’agir et, en particulier, de travailler.
Ses échecs ont fini par le démotiver.
Au participe passé, adjectivement.
Elle est complètement démotivée.",2026-06-04T04:17:36.759Z
D1421,D,DÉODORANT,nom masculin,"Étymologie : xxe siècle. Emprunté de l’anglais deodorant, de même sens.","Produit destiné à prévenir les odeurs de transpiration.
Un déodorant en spray.
Parfois adjectivement.
(Au féminin, déodorante.) 
Crème déodorante.",2026-06-04T04:17:39.121Z
D1946,D,"DÉSODORISANT, DÉSODORISANTE",adjectif,Étymologie : xixe siècle. Tiré du participe présent de désodoriser.,"Qui permet de désodoriser un lieu, une chose.
Une poudre désodorisante.
Un produit désodorisant ou, elliptiquement et substantivement, un désodorisant.",2026-06-04T04:17:49.430Z
D1947,D,DÉSODORISER,verbe transitif direct,"Étymologie : xixe siècle. Dérivé savant du latin odor, « odeur », avec le préfixe dés- [i].","Masquer ou supprimer l’odeur gênante d’un lieu, d’une chose.
Désodoriser des toilettes.
Désodoriser des chaussures.",2026-06-04T04:17:49.557Z
D2461,D,"DIFFICULTUEUX, DIFFICULTUEUSE",adjectif,"Étymologie : xvie siècle, en parlant d’une chose ; xviie siècle, en parlant d’une personne. Dérivé de difficulté.","■ 
S’est dit d’une personne qui fait des difficultés à propos de tout.
C’est un homme fort difficultueux.
Un esprit difficultueux.
▪ 
Se dit aussi parfois d’une chose particulièrement difficile à accomplir.
Un travail difficultueux.
Une entreprise difficultueuse.",2026-06-04T04:17:59.663Z
D2513,D,DILEMME,nom masculin,"Étymologie : xvie siècle. Emprunté du latin tardif dilemma, employé comme terme de logique, emprunté du grec dilêmma, de même sens, lui-même composé à l’aide de dis, « deux », et de lêmma, « prémisse ».","1. 
Marque de domaine : logique.
Raisonnement disjonctif contenant deux propositions différentes ou contraires, aboutissant toutes deux à une seule et même conséquence.
Poser un dilemme.
Le raisonnement d’Aristote est le type du dilemme : ou bien il faut philosopher, ou bien il ne faut pas philosopher ; or, pour savoir s’il faut philosopher, il faut philosopher ; pour savoir s’il ne faut pas philosopher, il faut encore philosopher ; donc il faut philosopher.

2. 
Par extension.
Obligation pour quelqu’un de choisir entre deux partis qui présentent l’un et l’autre de graves inconvénients, entre deux exigences exclusives l’une de l’autre.
Chimène, dans « Le Cid », de Corneille, est confrontée à un cruel dilemme.
Être enfermé dans un dilemme.
Refuser un dilemme.
RemarqueOn prendra garde à la contamination fréquente de Dilemme par Indemne : on n’écrira pas « dilemne » et on ne prononcera pas  [dilɛmn].",2026-06-04T04:18:00.673Z
D2541,D,DINAR,nom masculin,"Étymologie : xviie siècle. Mot arabe, désignant à l’origine une pièce de monnaie en or, lui-même emprunté du latin denarius, « denier ».","Unité monétaire de divers pays.
Le dinar tunisien, algérien.
Le dinar serbe.
Un billet de cent dinars.",2026-06-04T04:18:01.227Z
D2645,D,DISCOMPTE,nom masculin,"Étymologie : xviie siècle. Mot des parlers du Nord et de l’Ouest de la France, parfois employé au Canada, réfection du moyen français descompt, « somme à déduire, retenue », lui-même déverbal de descompter, « faire le décompte de ; ne pas tenir compte de ».","Remise faite à ses clients par un commerçant sur les produits qu’il met en vente ; par extension, système de commercialisation dans lequel un détaillant propose ses produits à un prix inférieur à celui du marché, généralement en les vendant en grand volume et en réduisant ses marges.
Un magasin de discompte ou, elliptiquement, un discompte, dans lequel ce système est pratiqué.",2026-06-04T04:18:03.230Z
D2974,D,DOLLAR,nom masculin,"Étymologie : xviiie siècle. Mot anglais, désignant d’abord le thaler, emprunté du bas allemand daler, de même sens.","Unité monétaire des États-Unis d’Amérique et de certains autres pays (symbole : $).
Un billet de dix dollars.
Payer en dollars.
Le dollar canadien, australien, libérien.
En composition.
Étalon-dollar, voir Étalon [ii].",2026-06-04T04:18:10.328Z
D3152,D,DOUGLAS,nom masculin,"Étymologie : xixe siècle, d’abord dans l’expression sapin de Douglas. Tiré du nom du botaniste écossais David Douglas (1799-1834), qui introduisit cet arbre en Europe.","■ 
Grand conifère de la famille des Pinacées, à croissance rapide, originaire d’Amérique du Nord et dont les cônes sont pendants.
Le douglas a constitué une des principales essences de reboisement en France.
Les monocultures de douglas menacent la biodiversité des forêts.
▪ Par métonymie.
Le bois de cet arbre.
Le douglas est utilisé dans la fabrication du contreplaqué et de la pâte à papier.",2026-06-04T04:18:13.814Z
D3161,D,DOURO,nom masculin,"Étymologie : xixe siècle. Emprunté de l’espagnol duro, de même sens, lui-même abréviation de peso duro, littéralement « poids dur, solide », nom d’une pièce d’argent probablement dénommée ainsi en raison de sa grande fiabilité.","Nom donné à une ancienne monnaie espagnole, à l’origine en argent, qui valait cinq pesetas.",2026-06-04T04:18:14.027Z
D3187,D,DRACHME,nom féminin,"Étymologie : xiiie siècle, drame. Emprunté, par l’intermédiaire du latin drachma, du grec drakhmê, désignant une unité pondérale et monétaire, lui-même dérivé de drax, « poignée ».","1. 
Marque de domaine : Antiquité.
Unité de masse grecque dont la valeur variait de quatre à six grammes environ ; par extension, monnaie d’argent dont la valeur dépendait de celle de cette unité de masse.
Drachme attique, éginétique.
La drachme valait six oboles.

2. 
Ancienne unité monétaire de la Grèce moderne qui fut remplacée par l’euro.
Un billet de cent drachmes.",2026-06-04T04:18:14.602Z
D3189,D,"DRACONIEN, DRACONIENNE",adjectif,"Étymologie : xviiie siècle. Dérivé de Dracon, nom d’un législateur athénien auteur d’un code pénal célèbre pour ses sanctions rigoureuses.","Qui est d’une sévérité extrême.
Des lois, des mesures, des conditions draconiennes.
Un contrat draconien.",2026-06-04T04:18:14.703Z
D3364,D,DUPLICATA,nom masculin,"Étymologie : xvie siècle. Tiré de l’expression du latin médiéval littera duplicata, « lettre copiée en double ; copie », mention qui était à l’origine utilisée au bas des actes faits en double.","■ 
Marque de domaine : droit administratif.
Double, copie d’un document original.
Le duplicata d’un certificat, d’une attestation, d’une pièce d’identité.
▪ Par extension.
Le duplicata d’un cliché.",2026-06-04T04:18:18.209Z
D3365,D,DUPLICATEUR,nom masculin,"Étymologie : xixe siècle. Emprunté du latin tardif duplicator, « celui qui double ».","Marque de domaine : technique.
Appareil servant à reproduire, en plusieurs exemplaires, un document, un ensemble de données, un objet.",2026-06-04T04:18:18.270Z
D3366,D,DUPLICATION,nom féminin,"Étymologie : xiiie siècle. Emprunté du latin tardif duplicatio, « action de doubler, de redoubler ».","Action de doubler une quantité, un volume ; le fait de produire en double, de se reproduire à l’identique.
Dans des domaines spécialisés. Marque de domaine : géométrie.
Duplication du cube, célèbre problème insoluble, datant de l’Antiquité, qui porte sur la construction, à l’aide d’une règle et d’un compas, d’un cube qui soit le double en volume d’un autre.
– Marque de domaine : technique.
Opération consistant à reproduire un document, un ensemble de données, un objet.
La duplication d’un signal.
La duplication d’un badge.

– Marque de domaine : biologie.
Formation à l’identique d’un constituant cellulaire ou d’une cellule.
La duplication d’un gène, d’un chromosome.
La duplication d’une cellule souche.",2026-06-04T04:18:18.351Z
D3368,D,DUPLIQUER,verbe transitif direct,"Étymologie : xiiie siècle, au sens de « répondre à une réplique ». Emprunté du latin duplicare, « doubler », puis, dans la langue juridique, « faire un double d’un document ».","Produire quelque chose en double.
Dans des domaines spécialisés. Marque de domaine : technique.
Faire un ou plusieurs doubles d’un document, d’un ensemble de données, d’un objet.
Dupliquer un ficher informatique.
Dupliquer une puce électronique.
– Marque de domaine : biologie.
Produire par duplication.
Dupliquer un gène.
Surtout pron.
Une cellule, une séquence d’ADN qui se duplique.",2026-06-04T04:18:18.522Z
E0386,E,ÉCU,nom masculin,"Étymologie : xie siècle, escut, au sens 1 ; xiiie siècle, au sens 2 ; xxe siècle, au sens 3. Issu du latin scutum, « bouclier », pour les sens 1 et 2 ; acronyme de l’anglais european currency unit, « unité monétaire européenne », proposé par le président français Valéry Giscard d’Estaing en raison de son homonymie avec l’ancienne pièce, pour le sens 3.","1. 
Anciennement.
Arme défensive, de forme oblongue ou rectangulaire, que portaient les gens de guerre au Moyen Âge.
Combattre avec la lance et l’écu.
Son écu était criblé de traits.
Un écu portant les armes d’un seigneur.
▪ Par extension. Marque de domaine : héraldique.
Support du blason, qui a généralement la forme de cette arme, dont le champ porte des armoiries.
Un écu en losange.
Un écu ovale.
Par métonymie.
Ces armoiries elles-mêmes.
L’écu de France, de Navarre.
– Marque de domaine : papeterie.
Format de papier jadis utilisé pour l’écriture et l’impression (environ 40 cm x 52 cm), dont le filigrane représentait à l’origine cette arme.



2. 
Ancienne pièce de monnaie en or puis en argent, en usage sous l’Ancien Régime, qui portait sur l’une de ses faces le motif d’un bouclier.
Écu de trois livres ou petit écu.
L’écu blanc, la pièce en argent frappée à partir du règne de Louis XIII.
▪ Par extension.
Nom donné, à partir de 1795 et jusque dans les années 1930, à certaines pièces d’argent.


3. 
Ancienne monnaie de compte des pays de la Communauté économique européenne, qui fut en vigueur de 1979 à l’avènement de l’euro le 1er janvier 1999 (on écrit aussi ECU).",2026-06-04T04:20:35.569Z
E0460,E,EFFECTUER,verbe transitif direct,"Étymologie : xve siècle. Emprunté du latin médiéval effectuare, de même sens, lui-même dérivé de effectus, « réalisation, accomplissement ; résultat ».","1. 
Vieilli.
Mettre à exécution.
Il a effectué ses promesses, ses menaces.

2. 
Réaliser, mener à bien une opération technique d’une certaine complexité ou qui peut présenter des difficultés.
Effectuer une manœuvre.
Effectuer un calcul mathématique.
Effectuer un virement bancaire.
Pron. à sens passif.
La taille des rosiers s’effectue au printemps.

3. 
Pron.
Avoir lieu, se passer.
La rentrée scolaire s’est effectuée sans incident.
À pression ambiante, la vaporisation de l’eau s’effectue à 100 °C.",2026-06-04T04:20:37.324Z
E0477,E,EFFICIENCE,nom féminin,"Étymologie : xixe siècle. Emprunté de l’anglais efficiency, « efficacité », lui-même tiré du latin efficientia, « faculté de produire un effet ; puissance, propriété ».","1. 
Marque de domaine : philosophie.
Propriété d’une cause efficiente.

2. 
Capacité d’un système, d’une machine à produire l’effet attendu, à fonctionner de manière satisfaisante.
L’efficience d’une organisation, d’un régime politique.
L’efficience d’un appareil.
RemarquePour parler de l’aptitude d’une personne à accomplir sa tâche avec succès, on préfèrera Efficacité.",2026-06-04T04:20:37.736Z
E0478,E,"EFFICIENT, EFFICIENTE",adjectif,"Étymologie : xiiie siècle, au sens 1 ; xxe siècle, au sens 2. Emprunté du latin efficiens, participe présent de efficere, « exécuter, produire, réaliser », pour le sens 1 ; emprunté de l’anglais efficient, « compétent, efficace », pour le sens 2.","1. 
Marque de domaine : philosophie.
Qui crée un effet.
Ne s’emploie que dans la locution Cause efficiente, celle des quatre causes qui, dans la philosophie d’Aristote, produit ou transforme une chose et, par extension, ce par quoi un évènement arrive.

2. 
Se dit d’un système, d’une machine qui a la capacité de produire l’effet attendu, qui fonctionne de manière satisfaisante.
Un réseau de communication efficient.
Un mécanisme efficient.
RemarquePour parler de l’aptitude d’une personne à accomplir sa tâche avec succès, on préfèrera Efficace.",2026-06-04T04:20:37.806Z
E0511,E,EFFRAIE,nom féminin,"Étymologie : xvie siècle, effraye. Réfection, sous l’influence d’effrayer, soit d’orfraie, soit de fresaie, ancien nom de l’effraie.","Oiseau de l’ordre des Strigiformes, au plumage roux, brun ou noir sur le dos et plus clair sur le ventre, qui présente un disque facial en forme de cœur.
Effraie des clochers, effraie d’Amérique.
En apposition.
Chouette effraie.",2026-06-04T04:20:38.467Z
E0671,E,ÉLECTORALEMENT,adverbe,Étymologie : xixe siècle. Dérivé d’électoral.,"Du point de vue électoral ; au regard des conséquences électorales.
Ce parti a pris de l’importance électoralement.
Cette décision serait électoralement dangereuse.",2026-06-04T04:20:41.788Z
E1666,E,ENJAMBEMENT,nom masculin,"Étymologie : xvie siècle, au sens d’« action d’enjamber » ; xviie siècle, au sens 1 ; xxe siècle, au sens 2. Dérivé d’enjamber.","1. 
Marque de domaine : prosodie.
Procédé qui consiste à renvoyer une partie d’un syntagme, d’une unité syntaxique au-delà de la limite métrique du vers.
Les vers de Villon « Beau frere, vous perdez la plus / Belle roze de vo chappeau », et ceux d’Aragon « On me verra trembler mais non pas lui faillir / Toujours placer amour plus haut qu’honneur Certain / Que la nuit n’est pas longue à cause du matin / Et je saurai baisser le front pour obéir » comportent des enjambements.
L’enjambement a été condamné par Malherbe et Boileau au xviie siècle.

2. 
Marque de domaine : biologie.
Processus biologique par lequel deux chromosomes appariés échangent un ou plusieurs segments.
Les enjambements contribuent au brassage du matériel génétique.
Remarque : (On préfèrera ce mot à l’anglicisme Crossing-over.)",2026-06-04T04:21:01.311Z
E2051,E,ENVISAGEABLE,adjectif,Étymologie : xixe siècle. Dérivé d’envisager.,"Qui peut être envisagé, considéré ; qui est possible.
Plusieurs solutions sont envisageables.
Un compromis serait envisageable.",2026-06-04T04:21:08.721Z
E2052,E,ENVISAGER,verbe transitif direct,"Étymologie : xiiie siècle, envisaigié, « qui a tel ou tel visage » ; xvie siècle, au sens 1 ; xviie siècle, au sens 2. Dérivé de visage.","1. 
Vieilli.
Regarder le visage de quelqu’un ; dévisager une personne.
Dès que je l’eus envisagé, je le reconnus.
Les deux hommes s’envisageaient.

2. 
Considérer, examiner par la pensée ; se représenter par l’esprit.
Envisager une question avec réalisme.
Envisager toutes les hypothèses.
Il n’envisage pas la situation d’un point de vue pratique.
Elle envisage la mort avec courage, l’avenir sereinement.
▪ Par extension.
Avoir pour projet.
Ils envisagent un départ prochain pour l’étranger.
Suivi d’un infinitif précédé de la préposition de.
Il envisage de se marier, de s’établir dans cette ville.",2026-06-04T04:21:08.851Z
E2180,E,ÉPICÉA,nom masculin,"Étymologie : xviiie siècle. Altération du latin picea, de même sens, lui-même dérivé de pix, picis, « poix ».","■ 
Conifère de la famille des Pinacées, dont les aiguilles sont à section quadrangulaire et les cônes, pendants.
Les épicéas sont communs dans les Vosges et le Jura.
▪ Par métonymie.
Le bois de cet arbre.
L’épicéa est très estimé en menuiserie.",2026-06-04T04:21:11.517Z
E2246,E,ÉPINETTE,nom féminin,Étymologie : xviie siècle. Probablement dérivé de pin.,"Nom donné, au Canada, à certaines espèces de conifères d’Amérique du Nord, en particulier aux épicéas.
Épinette blanche, rouge.
Les épinettes noires de la forêt boréale.",2026-06-04T04:21:12.818Z
E2506,E,ERREMENTS,nom masculin pluriel,"Étymologie : xiie siècle. Dérivé de l’ancien verbe errer, « voyager ; se conduire, se comporter de telle ou telle façon », lui-même issu du latin médiéval iterare, « voyager ».","1. 
Vieilli.
Le fait d’aller à l’aventure.
Les errements d’un vagabond.

2. 
Manière habituelle d’agir.
Les errements d’une époque.
Le plus souvent péj.
Retomber dans les errements du passé.
RemarqueOn prendra garde de ne pas confondre Errements, qui désigne une habitude, généralement jugée mauvaise, avec Erreur, qui s’emploie pour parler d’une action blâmable, d’une faute, d’une méprise.",2026-06-04T04:21:17.799Z
E2607,E,ESCUDO,nom masculin,"Étymologie : xixe siècle. Mot espagnol et portugais, qui a d’abord désigné un bouclier puis, sur le modèle du français écu, une monnaie, issu du latin scutum, « bouclier ».","1. 
Anciennement.
Monnaie espagnole utilisée du xvie au xixe siècle ; unité monétaire du royaume d’Espagne qui eut cours après le réal et jusqu’à l’adoption de la peseta.

2. 
Ancienne unité monétaire du Portugal qui fut remplacée par l’euro.
▪ Désigne aussi l’unité monétaire du Cap-Vert.",2026-06-04T04:21:19.790Z
E2875,E,ÉTHIOPIQUE,adjectif,"Étymologie : xixe siècle. Emprunté, par l’intermédiaire du latin aethiopicus, du grec aithiopikos, « d’Éthiopie », lui-même dérivé de aithiops, de même sens et, proprement, « au visage brûlé ».","■ 
Vieilli.
Relatif à l’Éthiopie, à ses habitants ; originaire d’Éthiopie.
(On dit plutôt Éthiopien.)
▪ Subst.
« Les Éthiopiques » d’Héliodore d’Émèse est un roman grec antique du IIIe siècle.
Léopold Sédar Senghor publia en 1956 un recueil de poèmes intitulé « Éthiopiques ».",2026-06-04T04:21:24.970Z
E2882,E,ETHNICITÉ,nom féminin,Étymologie : xxe siècle. Dérivé d’ethnique.,"Marque de domaine : sciences humaines.
Ensemble des traits de civilisation qui sont caractéristiques d’une ethnie.",2026-06-04T04:21:25.134Z
E2883,E,ETHNIE,nom féminin,"Étymologie : xixe siècle. Dérivé savant du grec ethnos, « groupe ou classe d’êtres partageant des traits communs », d’où « peuple, nation », et, au pluriel, nom donné aux peuples étrangers, puis, à Rome, aux habitants des provinces romaines et, dans les textes bibliques, aux gentils.","Marque de domaine : sciences humaines.
Ensemble d’individus que rapprochent des traits de civilisation communs, notamment une histoire, une langue, un territoire.
L’ethnie thaïe constitue la plus grande partie de la population de la Thaïlande.",2026-06-04T04:21:25.197Z
E2884,E,ETHNIQUE,adjectif,"Étymologie : xiiie siècle, comme substantif, au sens de « païen » ; xvie siècle, comme adjectif, au sens actuel. Emprunté, par l’intermédiaire du latin chrétien ethnicus, « des païens », du grec ethnikos, « propre à un peuple ; étranger », puis « païen ».","1. 
Marque de domaine : sciences humaines.
Qui constitue une ethnie ; relatif à une ethnie, à des ethnies.
Un groupe ethnique.
Des minorités ethniques.
Un conflit ethnique.
▪ Spécialement.
Nettoyage ethnique, purification ethnique, nom donné à la politique consistant, pour un groupe ethnique, à éliminer d’un territoire un autre groupe ethnique notamment par la déportation, l’exil forcé ou l’extermination.


2. 
Se dit parfois, dans la langue courante, de ce qui ressortit à des traditions artistiques, culturelles propres à certains peuples n’appartenant généralement pas au monde occidental.
Mode ethnique.
Cuisine ethnique.",2026-06-04T04:21:25.275Z
E3071,E,EURO,nom masculin,"Étymologie : xxe siècle. Tiré d’Europe, nom géographique.","Unité monétaire d’une majorité de pays de l’Union européenne (symbole : €), adoptée le 1er janvier 1999 comme monnaie de compte et mise en circulation le 1er janvier 2002 en remplacement des monnaies nationales de ces pays.
L’euro est divisé en cent parties appelées « centimes ».
Un billet de cinquante euros.
Deux euros et cinquante centimes ou, elliptiquement, deux euros cinquante ou, en chiffres, 2,50 €.
Dans le système de l’euro, les pièces comportent une face commune à tous les pays et l’autre propre à chacun d’eux.
Certains États n’appartenant pas à l’Union européenne utilisent l’euro comme monnaie officielle, tels Andorre, Monaco et le Vatican.
En apposition.
Zone euro, voir Zone.",2026-06-04T04:21:28.852Z
E3072,E,EURODEVISE,nom féminin,"Étymologie : xxe siècle. Composé d’euro‑, tiré d’Eurobank, nom d’une banque contrôlée par l’URSS et destinée originellement à faciliter les transactions internationales en dollars, et de devise [ii], pour le sens 1 ; composé d’euro‑, tiré d’Europe, et de devise [ii], pour le sens 2.","1. 
Devise détenue par une banque ou une institution financière située hors de son pays d’émission.
Des livres sterling déposées au Japon sont des eurodevises.

2. 
Devise d’un pays non européen échangée sur le marché financier européen.",2026-06-04T04:21:28.929Z
F0014,F,"FABULATEUR, FABULATRICE",adjectif et nom,"Étymologie : xvie siècle, au sens de « conteur, auteur de récits » ; xxe siècle, au sens actuel. Emprunté du latin fabulator, « conteur, fabuliste ».","1. 
Adj.
Relatif à la fabulation.

2. 
N.
Vieilli.
Personne qui présente comme vraies des histoires inventées.
Cet enfant est un fabulateur.
(On dit plutôt Affabulateur.)
▪ Spécialement. Marque de domaine : psychologie.
Celui, celle qui est sujet à la fabulation.",2026-06-04T04:23:44.880Z
F0015,F,FABULATION,nom féminin,"Étymologie : xixe siècle, au sens de « récit imaginaire » ; xxe siècle, au sens actuel. Emprunté du latin fabulatio, « discours, conversation », et, en latin chrétien, « bavardages, mensonges ».","■ 
Vieilli.
Le fait de présenter comme vraies des histoires inventées ; par métonymie, le propos ainsi tenu.
(On dit plutôt Affabulation.)
▪ Spécialement. Marque de domaine : psychologie.
Attitude, tendance d’une personne qui raconte des évènements imaginaires comme si elle les avait vécus.
Normale chez le jeune enfant, la fabulation caractérise chez l’adulte certains états pathologiques.",2026-06-04T04:23:44.968Z
F0016,F,FABULER,verbe intransitif,"Étymologie : xve siècle, au sens de « bavarder » ; xvie siècle, au sens de « raconter une histoire » ; xxe siècle, au sens actuel. Emprunté du latin fabulari, « bavarder ; inventer une histoire ».","Vieilli.
Présenter comme vraies des histoires inventées (on dit plutôt Affabuler).",2026-06-04T04:23:45.090Z
F0428,F,FEMELLE,nom féminin et adjectif,"Étymologie : xiie siècle. Emprunté du latin femella, « petite femme », diminutif de femina, « femme, femelle ».","1. 
Chez les espèces animales qui présentent un dimorphisme sexuel, désigne l’individu qui produit les gamètes susceptibles d’être fécondés, appelés ovules.
La femelle et le mâle.
La vache est la femelle du taureau.
Chez les Mammifères, la femelle allaite ses petits.
Une femelle ovipare, vivipare.

2. 
Vieilli.
En termes de généalogie, de succession, désignait parfois la femme.
Dans plusieurs coutumes, les mâles excluaient les femelles de l’hérédité.

3. 
Péj. et vieilli.
S’employait parfois comme terme de mépris pour parler d’une femme.
C’est une dangereuse femelle.",2026-06-04T04:23:53.246Z
F0430,F,"FÉMININ, FÉMININE",adjectif,"Étymologie : xiie siècle, femenin. Emprunté du latin femininus, de même sens.","1. 
Qui est de la nature de la femme ; qui est propre aux femmes, à la femme.
Une divinité féminine.
Un personnage féminin.
Un individu de sexe féminin.
La représentation du corps féminin dans la sculpture, dans la peinture.
Dans le chant, la plus aiguë des voix féminines est celle de la soprane.
La condition féminine.
▪ Par extension.
Se dit de certains caractères ou de certaines traits, physiques ou moraux, qui correspondent à l’image traditionnelle, voire stéréotypée, que l’on se fait des femmes.
L’intuition, la douceur féminine.
La coquetterie féminine.
Ce jeune homme a un visage féminin.
Des manières féminines.
Par métonymie.
Elle est très féminine, peu féminine.

▪ Subst.
L’éternel féminin, la beauté suprême présente dans l’être féminin (par allusion au dernier vers du second Faust de Goethe).
S’emploie aussi, parfois ironiquement, pour désigner ce que l’on pense être les traits permanents de la nature féminine.


2. 
Qui est composé de femmes.
La population féminine.
Une équipe féminine de rugby, de football.

3. 
Qui est destiné ou réservé aux femmes.
Un journal féminin.
Un contraceptif féminin.
Les épreuves féminines de gymnastique.
Le Tour de France féminin.

4. 
Marque de domaine : grammaire.
Se dit, par opposition au genre masculin et, dans certaines langues, au genre neutre, du genre grammatical dans lequel sont rangés des substantifs, et divers mots qui s’y rattachent, partageant des propriétés sémantiques ou, le plus souvent, formelles.
Les noms ayant pour référent des femmes sont souvent de genre féminin.
« Anagramme » est un nom du genre féminin.
▪ Par extension.
Qui relève du genre féminin ; qui sert à marquer qu’un mot est féminin.
Un nom, un pronom féminin.
« Océane » est un adjectif féminin.
Le nom « surprise » est la forme féminine substantivée du participe passé du verbe « surprendre ».
Dans « amante », « diablesse », « bienfaitrice », « ‑e », « ‑esse », « ‑trice » sont des terminaisons féminines.

▪ Subst. Au masculin.
Un féminin, un mot de genre féminin.
En latin, la première déclinaison regroupe essentiellement des féminins.
Le féminin, la forme féminine d’un mot.
Le masculin et le féminin.
Le féminin de l’article « le » est « la ».
« Beau » fait « belle » au féminin.
Cet adjectif ne s’emploie qu’au féminin.


5. 
Marque de domaine : prosodie.
Rime féminine, constituée de mots dont la dernière voyelle est un e muet, comme « sage » et « courage », « fidèles » et « asphodèles ».
L’alternance de rimes masculines et de rimes féminines est apparue dans la poésie française au xiie siècle.",2026-06-04T04:23:53.330Z
F0434,F,FÉMINISME,nom masculin,"Étymologie : xixe siècle. Dérivé du latin femina, « femme ».","Mouvement, courant de pensée prônant l’égalité des hommes et des femmes au sein de la société et luttant contre les préjugés et les violences dont la femme est l’objet ; ensemble des doctrines issues de ce mouvement.
Le droit de vote des femmes est une des conquêtes du féminisme.
Simone de Beauvoir, Gisèle Halimi, Antoinette Fouque sont des figures du féminisme français.",2026-06-04T04:23:53.445Z
F0435,F,FÉMINISTE,adjectif,"Étymologie : xixe siècle. Dérivé du latin femina, « femme ».","Relatif au féminisme ; qui est partisan du féminisme.
Le MLF (Mouvement de libération des femmes) est un mouvement féministe fondé en 1970.
Les luttes, les revendications féministes.
La journaliste et femme politique Louise Weiss (1893-1983) fut une militante féministe.
Subst.
Une manifestation de féministes.",2026-06-04T04:23:53.509Z
F0437,F,FEMME,nom féminin,"Étymologie : xe siècle. Issu du latin femina, proprement « (celle) qui allaite », puis « femelle ; femme », lui-même dérivé d’une racine indo-européenne *fe‑, signifiant « téter, sucer, traire ».","1. 
Être humain de sexe féminin ; individu qui possède des caractères sexuels spécifiques, distincts de ceux de l’homme, dont certains sont dits primaires, comme l’appareil reproducteur permettant la production de gamètes femelles appelés ovules, et d’autres, secondaires.
Les deux chromosomes sexuels de la femme sont identiques et sont notés XX.
La longévité des femmes est, en moyenne, supérieure à celle des hommes.
Les droits des femmes.
Une femme d’action.
Une femme médecin.
Une femme de lettres.
Marguerite Yourcenar fut la première femme élue à l’Académie française.
Une femme mariée, célibataire, divorcée.
Une femme jeune, une femme mûre, une vieille femme.
C’est une jolie femme.
L’image de la femme aimée dans la poésie de la Renaissance.
▪ Sans complément, désigne plus particulièrement un être humain de sexe féminin dont la puberté est achevée.
Ce n’est plus une enfant, c’est une femme.
Devenir une femme.

▪ Loc. et expr.
Être femme à, suivi d’un infinitif, sert à indiquer, en bien ou en mal, de quoi telle femme est capable.
Elle n’est pas femme à se laisser impressionner.
C’est la femme de sa vie, celle qui a ou qui a eu la plus grande importance dans la vie de quelqu’un, en particulier dans le domaine amoureux.
Un homme à femmes, qui multiplie les conquêtes féminines.
Herbe aux femmes battues, voir Herbe.
Bonne femme, s’emploie familièrement et souvent péjorativement pour désigner une femme.
Conte de bonne femme, désignait un conte traditionnel et populaire, transmis par la mémoire des femmes et, par extension, une histoire peu vraisemblable.
Remède de bonne femme, de confection simple et auquel la croyance populaire prête des vertus curatives.
Rideaux bonne femme, voir Rideau.
Une jeune femme, qui a quitté l’adolescence et entre dans l’âge adulte.
Une femme enfant, qui a gardé certaines caractéristiques de l’enfance ou cherche à donner cette impression.
Femme fatale, voir Fatal.
Une femme objet, qui n’est pas considérée pour elle-même mais pour les désirs qu’elle suscite.
Une femme forte, qui fait preuve de courage et de ténacité, qui montre une grande indépendance de caractère.
Une femme de tête, une maîtresse femme, qui fait preuve de détermination, qui sait imposer sa volonté.
Une femme libre, une femme libérée, qui s’est affranchie de certains préjugés sociaux et entend vivre de manière indépendante.
Une femme légère, voir Léger.
Une femme facile, dont on considère qu’elle se laisse trop aisément séduire.
Une femme de mauvaise vie (vieilli), une femme dont les mœurs sont jugées contraires à la morale ; une prostituée.
Femme d’intérieur, voir Intérieur.
Femme au foyer, dont l’activité, non rémunérée, consiste à s’occuper de sa maison, de ses enfants, etc.
Femme de chambre, employée de maison attachée au service personnel de quelqu’un ou, dans un hôtel, employée chargée du service des chambres.
Femme de ménage, qui est rémunérée pour faire le ménage chez un particulier, dans des bureaux, etc.
Femme de charge, se disait d’une femme attachée au service d’une maison et qui possédait une certaine autorité sur les affaires domestiques.
En composition.
Sage-femme, voir ce mot.

▪ Prov.
Souvent femme varie, bien fol est qui s’y fie, par allusion au distique prêté à François Ier par Victor Hugo dans Le roi s’amuse.
Ce que femme veut, Dieu le veut, les femmes finissent toujours par obtenir ce qu’elles désirent.

▪ Spécialement. Marque de domaine : bible.
Les Saintes Femmes, les femmes, notamment Marie de Magdala, Marie, mère de Jacques, et Salomé, qui suivirent Jésus durant sa vie publique et qui, s’étant rendues à son tombeau, portèrent aux apôtres la nouvelle de la Résurrection.
– Marque de domaine : politique.
Mouvement de libération des femmes ou, par abréviation, MLF, mouvement féministe qui fut fondé en 1970 afin de combattre les diverses formes d’oppression dont les femmes sont victimes et de promouvoir, dans tous les domaines, l’égalité entre les hommes et les femmes.



2. 
Épouse, conjointe.
Acceptez-vous d’être ma femme ?
C’est sa seconde femme.
▪ Expr.
Vivre comme mari et femme, en concubinage.
Avoir une femme dans chaque port, se dit, par allusion au caractère volage que l’on prêtait aux marins, d’un homme qui entretient des liaisons en divers lieux.
Vieilli.
Chercher femme, vouloir se marier.
Prendre femme, se marier.

▪ Prov.
C’est le diable qui bat sa femme et qui marie sa fille, se disait lorsqu’il pleut et que le soleil luit en même temps.",2026-06-04T04:23:53.626Z
F1039,F,FLORIN,nom masculin,"Étymologie : xiiie siècle. Adaptation, d’après l’ancien français flor, « fleur », de l’italien fiorino, désignant l’ancienne monnaie de Florence qui était marquée d’un lis, lui-même dérivé de fiore, « fleur ».","1. 
Anciennement.
Monnaie qui avait cours, du xve au xxe siècle, dans plusieurs États d’Europe.
Florin d’or, d’argent.
Dans certains pays, le florin était aussi appelé « gulden ».

2. 
Ancienne unité monétaire des Pays-Bas qui fut remplacée par l’euro.
▪ Désigne aussi l’unité monétaire de trois États des anciennes Antilles néerlandaises.",2026-06-04T04:24:05.276Z
F1171,F,FONCTIONNALISME,nom masculin,Étymologie : xixe siècle. Dérivés de fonctionnel.,"1. 
Marque de domaine : sciences humaines.
Théorie selon laquelle chacun des éléments d’un système a une fonction, qui justifie sa présence dans le système et qui révèle sa signification.
En anthropologie, le fonctionnalisme fut développé dans les années 1930.
Le fonctionnalisme de Roman Jakobson, d’André Martinet, en linguistique.

2. 
Marque de domaine : architecture.
Conception esthétique selon laquelle la beauté d’un édifice, d’un ouvrage d’art résulte de l’adaptation de ses formes à la fonction qu’il doit remplir.
Le fonctionnalisme des constructivistes russes des années 1920, de Le Corbusier.",2026-06-04T04:24:07.818Z
F1525,F,FRANC,nom masculin,"Étymologie : xive siècle. Probablement tiré de Francorum rex, « roi des Francs », légende inscrite sur certaines monnaies.","1. 
Anciennement.
Nom donné à plusieurs monnaies françaises qui avaient cours sous l’Ancien Régime.
Franc d’or, franc d’argent.
A aussi désigné la monnaie de compte appelée livre.

2. 
Ancienne unité monétaire de la France (symbole : F ou FF) qui eut cours à partir de la Révolution et fut remplacée par l’euro.
Le franc était divisé en cent parties appelées « centimes ».
Une pièce de un franc ou d’un franc.
Un billet de cinq cents francs.
Un franc et trente centimes ou, elliptiquement, un franc trente ou, en chiffres, 1,30 F.
À l’époque, cela valait trois mille francs.
▪ En apposition.
Zone franc, ensemble des pays dont la monnaie avait une parité fixe avec le franc et conserve une parité avec l’euro.

▪ Spécialement.
Franc des collectivités françaises du Pacifique ou, plus souvent, par abréviation, franc CFP, unité monétaire qui a cours dans ces territoires depuis 1945 et a une parité fixe avec l’euro depuis 1999.
Le franc CFP est couramment appelé « franc Pacifique ».
Marque de domaine : histoire.
Franc germinal, dont la valeur correspondait à celle d’un poids fixe d’or ou d’argent et fut établie par la loi du 17 germinal an XI (7 avril 1803).
Franc or, dénomination courante au xixe siècle du franc germinal qui fut adopté comme monnaie de l’Union latine.
Franc Poincaré, franc Pinay, dont la valeur fut modifiée à l’instigation de ces hommes d’État.
Ancien franc, nouveau franc, expressions employées après la réforme de 1960 par laquelle le franc Poincaré fut remplacé par le franc Pinay.
Cent anciens francs valaient un nouveau franc.
Compter, parler en anciens francs.

▪ Expr. fam.
Trois francs six sous, s’emploie pour parler d’une somme négligeable.
Ça m’a coûté trois francs six sous.


3. 
Unité monétaire de plusieurs pays.
Franc suisse.
Franc guinéen, rwandais.
Franc de la communauté financière d’Afrique ou franc de la coopération financière en Afrique ou, plus souvent, par abréviation, franc CFA, unité monétaire de plusieurs pays africains, qui a une parité fixe avec l’euro depuis 1999.
▪ Désigne aussi l’ancienne unité monétaire de certains pays.
Franc belge.
Franc luxembourgeois.
Franc malgache.",2026-06-04T04:24:15.045Z
G0226,G,GARCE,nom féminin,"Étymologie : xiie siècle, au sens de « jeune fille de condition modeste ; femme dévergondée, prostituée ». Féminin de gars.","1. 
Femme qui joue de ses charmes, séduit sans scrupule et sème le trouble autour d’elle.
C’est une belle garce.
Adjectivement.
Elle a l’air un peu garce.

2. 
Femme malveillante, méchante.
Méfiez-vous d’elle, c’est une garce finie.
Adjectivement.
Elle est garce avec tout le monde.
▪ Par extension.
S’emploie dans des formules exclamatives pour parler de ce qui fait souffrir.
Quelle garce de vie !",2026-06-04T04:27:05.043Z
G0523,G,GÉNOCIDE,nom masculin,"Étymologie : xxe siècle. Emprunté de l’anglais genocide, de même sens, lui-même forgé en 1944 par le juriste polonais d’origine juive, naturalisé américain, Raphael Lemkin (1900-1959), à l’aide du grec genos, « origine, descendance, race », et de ‑cide, tiré du latin caedere, « tuer ».","Entreprise d’extermination systématique et préméditée d’un groupe humain en raison de son appartenance nationale, ethnique, raciale ou religieuse.
Le crime de génocide a été juridiquement défini par l’Assemblée générale de l’ONU lors de la Convention sur le génocide, en 1948 à Paris.
L’ONU a reconnu trois génocides au xxe siècle, celui des Arméniens perpétré par l’Empire ottoman entre 1915 et 1916, celui des Juifs par le régime nazi de 1941 à 1945, et celui des Tutsis par les Hutus au Rwanda en 1994.",2026-06-04T04:27:10.856Z
G0530,G,GENRE,nom masculin,"Étymologie : xiie siècle, gendre. Emprunté du latin genus, generis, « naissance, race, famille ; espèce, sorte », lui-même dérivé de gignere, « engendrer », pour les sens I, II, III ; emprunté de l’anglais gender, de même sens, pour le sens IV.","1. 
Marque de domaine : logique.
Classe englobant plusieurs autres classes, appelées espèces, d’extension plus retreinte.
Rectangle est genre par rapport à carré.
Genre prochain, qui, dans une classification ou une série, est immédiatement supérieur à une espèce, par opposition à Genre éloigné, qui inclut d’autres classes de moindre extension.
Genre suprême, qui ne peut être englobé par aucune autre classe.

2. 
Marque de domaine : biologie.
Subdivision d’une famille, qui comprend elle-même plusieurs espèces voisines ou, parfois, une seule espèce.
Cet animal, cette plante, cette bactérie appartient à tel genre.
Le hêtre, le châtaignier sont des genres d’arbres appartenant à la famille des Fagacées.
Le cheval, l’onagre et l’âne commun appartiennent au genre « Equus ».
La désignation scientifique des êtres vivants comporte deux noms, celui du genre et celui de l’espèce, comme dans « Canis lupus », qui désigne le loup.
▪ S’emploie aussi, dans la langue courante, dans la locution Le genre humain, pour désigner l’ensemble des êtres humains.
C’est la condition du genre humain.
L’amour du genre humain.
L’ami du genre humain, voir Ami.
L’ennemi du genre humain ou, absolument, l’Ennemi, désignait, chez les chrétiens, le diable, le démon.


3. 
Chacune des parties ou divisions d’un art dans lesquelles sont classées des œuvres apparentées par leur forme, leur sujet, leur style, leur destination.
L’évolution des genres littéraires, picturaux.
Dans sa « Poétique », Aristote entend traiter des genres épique, tragique et comique.
Genre judiciaire, délibératif, épidictique, voir ces mots.
Le genre du roman, de la nouvelle.
La musique militaire, la musique sacrée, la musique folklorique sont des genres musicaux.
Le péplum est un genre cinématographique qui a connu un grand succès en Italie.
▪ Par extension.
Style, manière d’écrire, de composer, d’exécuter qui caractérise un type d’œuvre, un artiste.
Écrire un roman dans le genre picaresque.
Ce tableau est dans le genre du Corrège.

▪ Loc. et expr.
C’est la loi du genre, c’est un trait constant de tel ou tel genre et, au figuré, c’est la conséquence inévitable de la situation dont on parle.
Le mélange des genres, combinaison dans une même œuvre de genres différents ; au figuré et péjorativement, désigne le fait de mêler des comportements, des pratiques qui ne devraient pas l’être, et la situation qui en résulte (en ce sens, on emploie aussi La confusion des genres).
Pratiquer le mélange des genres.
Dénoncer le mélange des genres en politique.

▪ Spécialement. Marque de domaine : beaux-arts.
Par référence à la hiérarchie classique des sujets picturaux, théorisée au xviiie siècle et établie en fonction de leur noblesse et de leur difficulté d’exécution.
Grand genre, la peinture d’histoire.
Peinture de genre, tableau de genre, scène de genre (par ellipse de genre bas ou genre mineur), qui montre la vie quotidienne ou l’intimité, qui traite de sujets privés ou anecdotiques.
Teniers et Greuze sont considérés comme des peintres de genre.
Par analogie.
Musique de genre, d’inspiration ou de caractère populaire.
Film de genre, film commercial relevant d’un genre mineur ou mal considéré dont les codes narratifs sont très précis et, spécialement, film d’un genre mineur qu’un réalisateur tourne en transgressant les codes du genre.
– Marque de domaine : musique.
Dans la musique grecque ancienne, chacune des trois dispositions des notes d’un tétracorde, séparées par des tons ou des demi-tons.
Genre chromatique, diatonique, enharmonique.

– Marque de domaine : Antiquité.
Genre orchestique, voir Orchestique.



4. 
Marque de domaine : grammaire.
Chacune des catégories sous lesquelles on range les substantifs, et divers mots qui s’y rattachent, en fonction de propriétés sémantiques ou, le plus souvent, formelles.
Le genre ou genre grammatical des noms est indiqué dans le dictionnaire.
Un nom du ou de genre masculin, féminin, neutre.
Certaines langues distinguent le genre animé et le genre inanimé.
Plusieurs langues, telles que le latin ou l’allemand, comportent trois genres, mais nombre de langues n’ont pas de genre.
En grammaire française.
On distingue le genre masculin et le genre féminin, le genre neutre ne se rencontrant que dans quelques formes pronominales, comme « ce ».
L’adjectif s’accorde en genre et en nombre avec le nom qu’il qualifie.
Quand un nom désigne un être animé, le genre peut correspondre au sexe, comme dans « un voisin, une voisine », « un sanglier, une laie ».
Le genre masculin, aussi appelé « genre non marqué », est utilisé pour parler de plusieurs êtres ou choses désignés par des mots masculins et féminins, comme dans « Tous les voyageurs » ou « Les abricots et les pommes ont tous été vendus ».",2026-06-04T04:27:11.137Z
G0749,G,"GITAN, GITANE",nom,"Étymologie : xviie siècle, Gitain, « Égyptien » ; xixe siècle, d’abord au féminin, gitane, puis gitan. Emprunté de l’espagnol gitano, gitana, de même sens, lui-même altération de Egiptano, « Égyptien », car on attribuait aux membres de ces communautés nomades une origine égyptienne.","1. 
Désignait naguère, parfois de manière péjorative, les membres de communautés nomades qu’on appelait aussi bohémiens, romanichels, manouches.
Adjectivement.
Federico García Lorca a composé des complaintes gitanes.
▪ Loc.
Une robe, une jupe gitane, longue et munie de volants.
Une jupe gitane aux couleurs vives.


2. 
Avec une majuscule.
Membre d’un des trois groupes issus de la population rom, installé en Espagne, au Portugal et dans le Sud de la France.
Le pèlerinage des Gitans aux Saintes-Maries-de-la-Mer.
Les dialectes romanis parlés par les Gitans sont regroupés sous l’appellation « calo ».
Adjectivement.
Un mariage gitan.",2026-06-04T04:27:15.490Z
G1064,G,GOUINE,nom féminin,"Étymologie : xviie siècle, au sens de « femme dévergondée ». D’origine incertaine, peut-être tiré du normand gouin, « salaud ».","Vulgaire et péj.
Lesbienne.",2026-06-04T04:27:21.686Z
G1109,G,GOUSSE,nom féminin,"Étymologie : xiiie siècle, aux sens 1 et 2 ; xixe siècle, au sens 3. D’origine incertaine.","1. 
Fruit à péricarpe sec et déhiscent, muni de deux fentes.
Gousse allongée, gousse en spirale.
Gousse de pois.
Gousse de vanille.

2. 
Chacun des caïeux formant le bulbe de l’ail.
Les gousses d’une tête d’ail.
Frotter du pain avec une gousse d’ail.

3. 
Vulgaire, péj. et vieilli.
Lesbienne.",2026-06-04T04:27:22.594Z
G1774,G,GULDEN,nom masculin,"Étymologie : xviiie siècle. Mot néerlandais, signifiant proprement « en or ».","Anciennement.
Nom donné, dans certains pays, à la monnaie appelée florin.",2026-06-04T04:27:35.991Z
H0140,H,HANDICAP,nom masculin,"Étymologie : xixe siècle. Mot anglais, contraction probable de hand in cap, proprement « main dans le chapeau », nom donné à un jeu où l’on échangeait des objets en compensant éventuellement leur différence de valeur par de l’argent, une mise de départ étant déposée dans un chapeau, puis à des courses hippiques où les différences de niveau entre les concurrents sont compensées avant la course.","1. 
Marque de domaine : sports.
Course hippique dans laquelle on impose à certains concurrents un désavantage de poids ou de distance, afin d’équilibrer les chances des participants.
Disputer un handicap.
Le grand handicap de Saint-Cloud, de Deauville.
▪ Par extension.
Désigne, en hippisme et dans divers autres sports, le désavantage imposé, lors de certaines épreuves, aux concurrents qui sont considérés comme les meilleurs.
Une course à handicap.
Un handicap en temps sera imposé aux voiliers les plus longs.
Calculer le handicap en points d’un golfeur.
Ce cheval rend un handicap de quinze livres, de vingt-cinq mètres, prend le départ avec un tel handicap.

▪ Expr.
Remonter, refaire son handicap, se dit d’un cheval qui parvient à compenser son handicap et, par extension, de quelqu’un qui, dans une compétition, revient sur ses adversaires malgré son infériorité initiale, ou encore, au figuré, d’une personne, d’une entité qui réussit à renverser une situation défavorable.


2. 
Se dit de ce qui désavantage quelqu’un, le met dans un état d’infériorité par rapport à autrui ou de grande difficulté.
Son ignorance des langues étrangères sera pour lui un handicap, un sérieux handicap.
Sa peur de la foule est devenue un véritable handicap.
▪ Par analogie.
L’enclavement de cette région a été un handicap pour son développement.


3. 
Altération, durable ou définitive, d’une fonction physique, sensorielle ou mentale qui a pour effet de limiter une personne dans ses activités quotidiennes ou de restreindre sa participation à la vie en société.
Les handicaps peuvent être congénitaux, accidentels ou liés à l’âge.
Cette blessure risque d’entraîner un handicap important.
Un handicap moteur.
Un handicap visuel, auditif.
Un handicap psychique, cognitif.
La scolarisation des élèves en situation de handicap.
En France, la loi de 2005 sur l’égalité des chances impose de tenir compte des handicaps dans les politiques d’aménagement du territoire.",2026-06-04T04:30:21.034Z
H0141,H,"HANDICAPÉ,",adjectif,Étymologie : xixe siècle. Tiré du participe passé de handicaper.,"Se dit d’une personne qui présente un handicap.
Un enfant, un travailleur handicapé.
L’accessibilité des transports en commun aux personnes handicapées.
Subst.
Un sport pratiqué par les handicapés.",2026-06-04T04:30:21.099Z
H0142,H,HANDICAPER,verbe transitif direct,"Étymologie : xixe siècle. Dérivé de handicap, avec influence de l’anglais to handicap, « donner un handicap (dans une compétition sportive) ».","1. 
Marque de domaine : sports.
Imposer un handicap à l’un des participants d’une course, d’une épreuve, notamment dans le domaine hippique.
Le favori sera handicapé de trois kilos.
Ce cheval a été lourdement handicapé.

2. 
Désavantager, mettre dans une situation d’infériorité par rapport à autrui ou de grande difficulté.
Sa taille le handicape parfois.
Au participe présent, adjectivement.
L’anxiété peut être très handicapante lors des examens.
▪ Par analogie.
Cette mesure risque de handicaper la croissance du pays.


3. 
Entraîner un handicap, être cause de handicap.
Son accident l’a temporairement handicapé.",2026-06-04T04:30:21.225Z
H0172,H,HARCÈLEMENT,nom masculin,Étymologie : xviie siècle. Dérivé de harceler.,"■ 
Action de harceler.
Une guerre de harcèlement.
▪ Spécialement. Marque de domaine : droit.
Désigne divers délits qui consistent à tirer profit d’une situation de pouvoir, de domination ou d’emprise pour exercer des violences physiques ou morales sur autrui.
Subir le harcèlement sexuel d’un supérieur.
Être poursuivi pour harcèlement moral.
La prévention contre le harcèlement scolaire.",2026-06-04T04:30:21.833Z
H0173,H,HARCELER,verbe transitif direct,"Étymologie : xve siècle. Variante de herceler, diminutif de herser, employé au figuré en moyen français au sens de « frapper, malmener violemment », lui-même dérivé de herse.","■ 
Provoquer, fatiguer, inquiéter par des attaques répétées et incessantes.
Harceler les troupes ennemies.
Ils ont été harcelés toute la nuit par les moustiques.
▪ Par extension.
Importuner, tourmenter par des exigences ou des demandes réitérées.
Harceler quelqu’un de questions.
Il est paresseux, il faut le harceler pour le faire travailler.
Fig.
Ce remords ne cesse de la harceler.

▪ Spécialement. Marque de domaine : droit.
Se rendre coupable de harcèlement.
Harceler quelqu’un moralement, sexuellement.
Cet élève est harcelé par ses camarades.",2026-06-04T04:30:21.961Z
H0266,H,HAUTE-CONTRE,nom féminin,"Étymologie : xve siècle. Composé du féminin de haut et de contre [ii], au sens ancien de « voix d’alto qui fait harmonie contre une autre ».","Marque de domaine : musique.
La plus aiguë des voix de ténor.
Tenir la partie de haute-contre d’une œuvre baroque.
Par métonymie. Au masculin.
Chanteur doté d’une telle voix.
À la différence du contre-ténor, qui chante en voix de tête, le haute-contre chante le plus souvent en voix de poitrine.",2026-06-04T04:30:23.950Z
H0545,H,HERMAPHRODISME,nom masculin,Étymologie : xviiie siècle. Dérivé d’hermaphrodite.,"Marque de domaine : biologie.
Le fait d’être hermaphrodite.
L’hermaphrodisme des escargots.
L’hermaphrodisme des orchidées.
Les cas d’hermaphrodisme sont exceptionnels chez les Mammifères.",2026-06-04T04:30:29.366Z
H0546,H,HERMAPHRODITE,nom masculin et adjectif,"Étymologie : xiiie siècle, ermefrodis. Emprunté, par l’intermédiaire du latin, du grec Hermaphroditos, « Hermaphrodite », nom du fils d’Hermès et d’Aphrodite qui, né garçon, acquit des caractères féminins à la suite d’une union avec une naïade.","1. 
N. m.
Être qui tient à la fois de l’homme et de la femme (on dit aussi, moins souvent, Androgyne).
Dans l’Égypte ancienne, le Nil était personnifié par un hermaphrodite ou, adjectivement, par un dieu hermaphrodite.
▪ Par métonymie. Marque de domaine : beaux-arts.
Représentation d’un tel être et, spécialement, du personnage mythologique d’Hermaphrodite (souvent avec une majuscule).
Un Hermaphrodite sculpté.


2. 
Adj. Marque de domaine : biologie.
Qui possède les organes de reproduction des deux sexes, simultanément ou consécutivement.
Un mollusque hermaphrodite.
Les balanes, les vers de terre sont hermaphrodites ou, substantivement, des hermaphrodites.
Par métonymie.
Un appareil génital hermaphrodite.
▪ Spécialement. Marque de domaine : botanique.
Qui a les étamines et le pistil réunis dans la même fleur ou qui porte sur le même pied les fleurs mâles et les fleurs femelles.
Une plante hermaphrodite.
Par métonymie.
Des fleurs hermaphrodites.

(On dit aussi, moins souvent, Bisexué.)",2026-06-04T04:30:29.428Z
H0617,H,HÉTÉROSEXUALITÉ,nom féminin,Étymologie : xixe siècle. Composé d’hétéro‑ et de sexualité.,Sexualité des hétérosexuels ; fait d’être hétérosexuel.,2026-06-04T04:30:30.824Z
H0618,H,"HÉTÉROSEXUEL, HÉTÉROSEXUELLE",adjectif,Étymologie : xixe siècle. Composé d’hétéro‑ et de sexuel.,"1. 
Qui éprouve une attirance sexuelle pour les individus de sexe différent du sien.
Elle est hétérosexuelle.
Un couple hétérosexuel, formé par des individus de sexe différent.
Subst.
Un hétérosexuel, une hétérosexuelle.
(On dit aussi, par abréviation et familièrement, Hétéro.)

2. 
Relatif à la sexualité entre personnes de sexe différent.
Des relations hétérosexuelles.",2026-06-04T04:30:30.886Z
H0850,H,HOMME,nom masculin,"Étymologie : xe siècle, hom, om, désignant un être humain ou un être de sexe masculin. Issu du latin hominem, accusatif de homo, « être humain », puis, en latin tardif, « être humain mâle ».","1. 
Le genre humain, l’espèce humaine ; individu, de l’un ou l’autre sexe, qui appartient au genre humain (le plus souvent précédé de l’article défini).
Selon Rabelais, le rire est le propre de l’homme.
La nature, la condition de l’homme.
L’intelligence artificielle est amenée à seconder l’homme dans de nombreuses tâches.
Il y a plus de huit milliards d’hommes sur terre.
Étudier la vie des hommes de l’Antiquité, la vie des hommes au Moyen Âge.
▪ Considéré comme présentant les qualités et les faiblesses inhérentes à la nature humaine.
Se conduire en homme et non en brute.

▪ Considéré comme appartenant à la société humaine.
La Déclaration des droits de l’homme et du citoyen a été adoptée le 26 août 1789.
L’exploitation de l’homme par l’homme.
La justice des hommes et la justice divine.
Rechercher le commerce des hommes.
Vivre loin des hommes.

▪ Spécialement. Marque de domaine : religion chrétienne.
Dieu s’est fait homme.
L’Homme-Dieu, le Dieu-Homme, le Christ.
Le Fils de l’homme, voir Fils.
Dépouiller le vieil homme, voir Dépouiller.
Le nouvel homme ou l’homme nouveau, le chrétien régénéré par la grâce.

▪ Loc.
De main d’homme, par la main et, par extension, par l’action d’un homme, des hommes.
Un canal creusé de main d’homme.
À hauteur d’homme, voir Hauteur.
De mémoire d’homme, d’aussi loin qu’on s’en souvienne (dans des tours négatifs).
De mémoire d’homme, on n’avait jamais vu une telle tempête.
Comme un seul homme, avec un ensemble parfait, d’un même mouvement.
Les membres de l’assemblée se dressèrent comme un seul homme.
Devant Dieu et devant les hommes, ancienne formule de serment.
Un meneur d’hommes, qui a de l’autorité sur autrui, qui sait se comporter en chef et entraîner d’autres personnes à sa suite.
Cela nourrit son homme, ne nourrit pas son homme, se dit d’une activité qui est ou non lucrative.
Il n’y a pas mort d’homme (fam.), s’emploie pour atténuer la gravité supposée d’un évènement.
Les hommes bleus, surnom donné aux Touaregs.
Les petits hommes verts, voir Vert.

▪ Expr. proverbiales.
L’homme est un loup pour l’homme, maxime empruntée à Plaute.
Un homme averti en vaut deux.
L’homme propose et Dieu dispose.


2. 
Spécialement. Marque de domaine : sciences.
Mammifère de l’ordre des Primates possédant les caractères propres au genre Homo et, spécialement, au seul représentant vivant de ce genre, l’Homo sapiens sapiens (souvent avec une majuscule quand il est employé sans complément).
Considéré dans le cadre de l’évolution.
Les origines de l’Homme.
Les hommes préhistoriques.
L’homme de Cro-Magnon.
L’homme de Néandertal.
Le musée de l’Homme, à Paris.
▪ Considéré d’un point de vue biologique, par rapport aux autres espèces animales.
Le système nerveux, respiratoire, digestif de l’homme.
L’homme adulte possède généralement trente-deux dents.
Une maladie transmissible à l’Homme.
Ce ver est un parasite des intestins de l’Homme et des autres mammifères.

▪ Expr.
Les hommes des cavernes, s’emploie pour désigner les hommes préhistoriques, dont on a retrouvé des traces dans des grottes.
Fig.
L’abominable homme des neiges, surnom que l’on donne au yéti.
En composition.
Homme-loup, loup-garou.",2026-06-04T04:30:35.605Z
H0888,H,HOMOSEXUALITÉ,nom féminin,Étymologie : xixe siècle. Dérivé d’homosexuel.,"Sexualité des homosexuels ; fait d’être homosexuel.
Homosexualité féminine, masculine.",2026-06-04T04:30:36.362Z
H0889,H,"HOMOSEXUEL, HOMOSEXUELLE",adjectif,Étymologie : xixe siècle. Composé d’homo‑ et de sexuel.,"1. 
Qui éprouve une attirance sexuelle pour les individus de son sexe.
Il est homosexuel.
Un couple homosexuel, que forment des individus de même sexe.
Subst.
Un homosexuel, une homosexuelle.
(On dit aussi, par abréviation et familièrement, Homo  [omo].)

2. 
Relatif à la sexualité entre personnes de même sexe ; qui est propre aux homosexuels, qui s’adresse à eux.
Des relations homosexuelles.
Les amours homosexuelles du baron de Charlus et de Jupien, dans « À la recherche du temps perdu », de Marcel Proust.
« Arcadie » fut l’une des premières revues homosexuelles en France.",2026-06-04T04:30:36.436Z
I0075,I,"IDIOT, IDIOTE",adjectif,"Étymologie : xiie siècle, d’abord au sens d’« illettré, ignorant ». Emprunté, par l’intermédiaire du latin idiota, « profane, ignorant », du grec idiôtês, « simple particulier ; celui qui n’est pas un homme public », d’où « individu ignorant », lui-même dérivé de idios, « propre, particulier ».","1. 
Marque de domaine : psychopathologie. Vieilli.
Se disait d’une personne atteinte d’idiotie.
Un enfant idiot.
Subst.
Un idiot, une idiote.
Un idiot congénital.
▪ Loc.
L’idiot du village, personnage disgracié ou faible d’esprit, qui inspirait la sympathie et auquel on accordait parfois un pouvoir mystérieux.


2. 
Qui manque d’intelligence, qui comprend mal ou très lentement.
Cet homme est idiot.
Il n’est pas aussi idiot qu’il en a l’air.
Subst.
Dans son roman « L’Idiot », Dostoïevski met en scène un personnage, le prince Mychkine, dont la naïveté vertueuse est conçue comme une grâce.
Quel idiot !
Ne restez pas planté là comme un idiot.
Loc.
Idiot utile, formule utilisée pendant la Guerre froide pour désigner une personne qui sert d’autres fins que celles qu’elle croit défendre.
La notion d’« idiot utile » apparaît dans la correspondance entre Marx et Engels.
Faire l’idiot, faire celui qui ne comprend pas ou, par extension, se livrer à des facéties, ou encore commettre une étourderie, une imprudence (on dit aussi Faire l’imbécile).
▪ Par affaiblissement.
Qui, dans une circonstance particulière, manque de jugement, d’à-propos, d’adresse.
Je suis idiot de n’y avoir pas pensé plus tôt.

▪ Par extension.
Qui dénote l’idiotie, le manque d’intelligence, de réflexion ; contrariant, absurde.
Un sourire idiot.
Des propos idiots.
Ce raisonnement est complètement idiot.
C’est idiot de repartir si vite.
Un accident idiot.",2026-06-04T04:33:39.257Z
I0076,I,IDIOTEMENT,adverbe,Étymologie : xixe siècle. Dérivé d’idiot.,"D’une manière idiote.
Rire idiotement.",2026-06-04T04:33:39.317Z
I0077,I,IDIOTIE,nom féminin,"Étymologie : xixe siècle, d’abord comme terme de médecine. Dérivé d’idiot.","1. 
Marque de domaine : psychopathologie. Vieilli.
Désignait, dans d’anciennes classifications, le trouble du développement intellectuel, congénital ou acquis, plus sévère que l’imbécilité.

2. 
Manque d’intelligence, de réflexion.
Ce comportement relève de la plus parfaite idiotie.
Par extension.
L’idiotie d’un argument.
Un ouvrage, un film d’une idiotie consternante.
Par métonymie.
Cessez de faire, de dire des idioties.
Pourquoi perdre son temps à lire pareille idiotie ?",2026-06-04T04:33:39.392Z
I0196,I,IMBÉCILE,adjectif,"Étymologie : xve siècle, d’abord au sens de « faible ». Emprunté du latin imbecillus, proprement « sans bâton, sans soutien », d’où « faible », lui-même composé à l’aide du préfixe négatif im‑ et de bacillum, diminutif de baculum, « bâton ».","1. 
Marque de domaine : psychopathologie. Vieilli.
Qui est atteint d’imbécilité.
Une personne imbécile, un patient imbécile.
Subst.
Un, une imbécile.

2. 
Qui est dépourvu d’intelligence, qui a de la difficulté à comprendre.
J’ai rarement connu quelqu’un d’aussi imbécile.
Surtout subst.
Un grand, un parfait imbécile.
Quelle imbécile !
Notre imbécile de voisin a encore réveillé tout l’immeuble cette nuit.
Loc.
Un imbécile heureux, qui est à la fois stupide et satisfait.
Faire l’imbécile, faire celui qui ne comprend pas ou, par extension, se livrer à des facéties, ou encore commettre une étourderie, une imprudence (on dit aussi Faire l’idiot).
Il a beau faire l’imbécile, il sait très bien de quoi il retourne.
▪ Par extension.
Qui dénote l’imbécilité, l’absence d’intelligence, de réflexion.
Un air imbécile.
C’est une remarque imbécile.",2026-06-04T04:33:41.712Z
I0197,I,IMBÉCILEMENT,adverbe,"Étymologie : xvie siècle, au sens de « faiblement » ; xviiie siècle, au sens actuel. Dérivé d’imbécile.","D’une manière imbécile.
Il s’est conduit bien imbécilement dans cette affaire.",2026-06-04T04:33:41.774Z
I0198,I,IMBÉCILITÉ,nom féminin,"Étymologie : xive siècle, d’abord au sens de « faiblesse ». Emprunté du latin imbecillitas, « faiblesse ».","1. 
Marque de domaine : psychopathologie. Vieilli.
Désignait, dans d’anciennes classifications, le trouble du développement intellectuel, congénital ou acquis, intermédiaire entre la débilité et l’idiotie.

2. 
Défaut d’intelligence, de réflexion.
Un homme d’une rare imbécilité.
Par extension.
Cette hypothèse est d’une imbécilité sans nom.
Par métonymie.
Que d’imbécilités commises en si peu de temps !
Se répandre en imbécilités.
(On a écrit aussi Imbécillité.)",2026-06-04T04:33:41.850Z
I0648,I,INCESTE,nom masculin,"Étymologie : xiiie siècle. Emprunté du latin incestum, « souillure, adultère, inceste », neutre substantivé de incestus, « impur, incestueux », lui-même composé du préfixe négatif in‑ et de castus, « conforme aux rites ; pur, chaste ».","■ 
Relation sexuelle entre deux personnes qui sont parentes ou alliées à un degré qui entraîne la prohibition de l’union, matrimoniale ou sexuelle, par les lois civiles ou religieuses.
Commettre un inceste.
L’interdit de l’inceste est présent depuis des millénaires dans de très nombreuses cultures.
Dans l’œuvre de Sophocle, la peste de Thèbes est le châtiment de l’inceste entre Œdipe et Jocaste.
▪ Spécialement. Marque de domaine : droit.
Crime qui consiste, pour une personne majeure, à avoir une relation sexuelle avec une personne qui est mineure et avec laquelle elle a un lien de parenté défini par la loi.
Une victime d’inceste.
La question du consentement ne se pose pas dans les affaires d’inceste.",2026-06-04T04:33:51.150Z
I0764,I,INCONSTITUTIONNALITÉ,nom féminin,Étymologie : xviiie siècle. Dérivés d’inconstitutionnel.,"Marque de domaine : droit.
Caractère de ce qui est inconstitutionnel.
Le Conseil constitutionnel a conclu à l’inconstitutionnalité de cette loi.",2026-06-04T04:33:53.648Z
I0797,I,INCRÉDIBILITÉ,nom féminin,"Étymologie : xvie siècle. Emprunté du latin tardif incredibilitas, « incrédulité, incrédibilité ».","Caractère de ce qui n’est pas crédible.
L’incrédibilité d’un témoignage.",2026-06-04T04:33:54.403Z
I0828,I,INCURABILITÉ,nom féminin,Étymologie : xviiie siècle. Dérivé d’incurable.,"Marque de domaine : médecine.
Caractère de ce qui est incurable ; état d’une personne incurable.
L’incurabilité de sa pathologie a été reconnue par tous les médecins.
L’incurabilité d’un patient.",2026-06-04T04:33:55.198Z
I0829,I,INCURABLE,adjectif,"Étymologie : xive siècle. Emprunté du latin tardif incurabilis, de même sens.","■ 
Marque de domaine : médecine.
Qui ne peut guérir, être guéri.
Un cancer incurable.
Un malade incurable, une malade incurable ou, elliptiquement et substantivement, un, une incurable.
L’hôpital des Incurables ou, elliptiquement, les Incurables, l’hôpital construit au xviie siècle dans le quartier de Saint-Germain-des-Prés, à Paris, pour accueillir des patients souffrant de pathologies chroniques.
▪ Fig.
Dont on ne peut se défaire, qu’on ne peut corriger.
Une paresse incurable.
Une tristesse incurable.
Par métonymie.
Un menteur incurable.",2026-06-04T04:33:55.278Z
I0830,I,INCURABLEMENT,adverbe,Étymologie : xvie siècle. Dérivé d’incurable.,"D’une manière incurable.
Il est incurablement atteint.
Fig.
Un esprit incurablement faux.",2026-06-04T04:33:55.346Z
I1538,I,INSTITUTIONNALISATION,nom féminin,Étymologie : xxe siècle. Dérivés d’institutionnel.,"Action d’institutionnaliser quelque chose.
L’institutionnalisation d’un usage.",2026-06-04T04:34:09.567Z
I1539,I,INSTITUTIONNALISER,verbe transitif direct,Étymologie : xxe siècle. Dérivés d’institutionnel.,"Revêtir quelque chose du caractère d’une institution et, par extension, le rendre pérenne, tel qu’on ne puisse pas s’en passer.
Institutionnaliser une pratique.
Pron. à sens passif.
La concertation s’est institutionnalisée dans cette entreprise.",2026-06-04T04:34:09.695Z
I1633,I,INTENTIONNALITÉ,nom féminin,Étymologie : xixe siècle. Dérivés d’intentionnel.,"Marque de domaine : philosophie.
Le fait, pour la conscience, d’être toujours conscience de quelque chose d’autre qu’elle-même, de toujours viser un objet auquel elle confère un sens.
Husserl, en dégageant la notion d’intentionnalité, rejette l’idée d’une conscience distincte de ses contenus.",2026-06-04T04:34:11.709Z
I1779,I,INTERSEXUALITÉ,nom féminin,Étymologie : xxe siècle. Composé d’inter‑ et de sexualité.,"Marque de domaine : biologie.
Le fait d’être intersexué.
Intersexualité d’origine hormonale, génétique.",2026-06-04T04:34:14.785Z
I1780,I,"INTERSEXUÉ, INTERSEXUÉE",adjectif,Étymologie : xixe siècle. Composé d’inter‑ et de sexué.,"Marque de domaine : biologie.
Se dit d’un être humain ou d’un animal qui présente un mélange de caractères sexuels mâles et femelles, ou des caractères sexuels intermédiaires.
Un nouveau-né intersexué.",2026-06-04T04:34:14.850Z
J0150,J,JAUNE,adjectif et nom,"Étymologie : xie siècle, jalne. Issu du latin galbinus, « vert pâle, jaune ».","1. 
Qui, dans le spectre des couleurs, se situe entre le vert et l’orangé ; qui est de la couleur du citron, du safran, de l’or.
Des fleurs jaunes.
Le bec jaune du merle.
Le ruban de la médaille militaire est jaune liseré de vert.
Le métal jaune, nom souvent donné à l’or.
Des bannières jaune et bleu, qui sont de ces deux couleurs à la fois, mais Des bannières jaunes et bleues, qui sont soit jaunes, soit bleues.
▪ Par extension.
Qui tire sur le jaune ; jaunâtre.
Avoir les dents jaunes.
Avec le temps, ces photographies sont devenues toutes jaunes.

▪ Expr.
Être jaune comme un coing, comme un citron, avoir le teint jaune.
Fig.
Avoir un rire jaune et, surtout adverbialement, rire jaune, dissimuler sous une apparence de gaieté son déplaisir, son dépit.

▪ Spécialement.
S’emploie parfois par opposition à une chose de même nature mais d’une autre couleur.
Marque de domaine : anatomie.
Tache jaune, voir Tache.
– Marque de domaine : biologie.
Moelle jaune, constituée essentiellement de tissu adipeux.
Corps jaune, masse jaune issue de la transformation d’un follicule après l’ovulation, et dont les cellules sécrètent, en particulier, la progestérone.

– Marque de domaine : pathologie.
Fièvre jaune, désigne, par métonymie, une très grave maladie virale des zones tropicales d’Afrique et d’Amérique, dont l’ictère est un des symptômes principaux.

– Marque de domaine : métallurgie.
Potin jaune, voir Potin [i].
Or jaune, allié à une faible quantité d’argent.

– Marque de domaine : météorologie.
Un département placé en vigilance jaune, voir Vigilance.

– Marque de domaine : géographie.
Le fleuve Jaune, nom d’un fleuve du Nord de la Chine dont les eaux sont particulièrement troubles en raison de la quantité de limon qu’il charrie.

– Marque de domaine : diplomatie.
Livre jaune, nom donné naguère à des recueils de pièces diplomatiques françaises qui étaient édités, notamment à l’attention des parlementaires, afin d’expliquer les prises de position, la politique du gouvernement.

– Marque de domaine : histoire.
Gants jaunes, voir Gant.
Étoile jaune, voir Étoile.
Le mouvement des gilets jaunes, nom donné à un mouvement populaire, né en octobre 2018, par référence à la couleur des gilets portés par ceux qui en faisaient partie, dénonçant le coût de la vie et les inégalités sociales.
Le mouvement des gilets jaunes s’est surtout développé dans les zones rurales et périurbaines.

– Marque de domaine : politique.
Se dit, par métonymie, des organisations syndicales du début du xxe siècle qui avaient pour emblème un genêt et un gland jaune, et qui s’opposaient aux idées révolutionnaires des syndicats ouvriers dits rouges.
Un syndicat jaune.
Par extension. Subst.
Membre d’une telle organisation syndicale ; désigne, familièrement et péjorativement, un employé qui refuse de prendre part à un mouvement de grève ou s’efforce de le briser.
Dénoncer les jaunes.

– Marque de domaine : sports.
Maillot jaune, porté par le premier au classement général du Tour de France cycliste.
Carton jaune, au football, au rugby et au handball, carton que l’arbitre montre à un joueur et qui a une valeur d’avertissement ou entraîne une expulsion temporaire, par opposition à Carton rouge, qui entraîne une expulsion définitive.

– Marque de domaine : jeux.
Nain jaune, jeu de cartes où l’on utilise un tableau composé de casiers, dans lesquels on place les mises, celui du centre étant orné d’un nain vêtu de jaune qui tient à la main un sept de carreau.

– Marque de domaine : habillement.
Chaussures jaunes, désignait les chaussures de ville marron portées par les hommes, par opposition aux chaussures noires de cérémonie.

– Marque de domaine : œnologie.
Vin jaune, vin du Jura de couleur ambrée, dont le bouquet évoque la noix.



2. 
Vieilli.
Se disait naguère, dans les classements des êtres humains fondés sur la notion arbitraire de race, du groupe constitué de certaines populations asiatiques ou d’origine asiatique, sous prétexte de la pigmentation de leur peau.
Un homme, une femme de race jaune ou, elliptiquement et substantivement, un Jaune, une Jaune.
▪ Par métonymie.
Le péril jaune, expression péjorative apparue au xixe siècle pour dénoncer le risque supposé d’invasions venant d’Extrême-Orient.",2026-06-04T04:37:01.792Z
K0174,K,KREUTZER,nom masculin,"Étymologie : xvie siècle, kreyzers. Emprunté de l’allemand Kreuzer, de même sens, lui-même dérivé de Kreuz, « croix », en raison de la croix représentée à l’origine sur cette pièce de monnaie.","Anciennement.
Monnaie autrichienne en usage du xvie siècle à la fin du xixe siècle.
A aussi désigné l’unité monétaire de divers États du Saint-Empire romain germanique.
(On écrit aussi Kreuzer.)",2026-06-04T04:40:19.822Z
L0594,L,"LESBIEN, LESBIENNE",adjectif,"Étymologie : xviie siècle, au sens 1 ; xixe siècle, au sens 2. Dérivé de Lesbos, nom géographique, avec, pour le sens 2, une référence à la poétesse originaire de Lesbos, Sapho, figure emblématique de l’homosexualité féminine.","1. 
Relatif à l’île grecque de Lesbos, à ses habitants.
Le dialecte lesbien ou, substantivement, le lesbien, le dialecte éolien parlé à Lesbos dans l’Antiquité.

2. 
Se dit d’une femme qui éprouve une attirance sexuelle pour d’autres femmes.
Une adolescente lesbienne.
Subst.
Le mouvement LGBT défend notamment les droits des lesbiennes, des gays, des bisexuels et des transsexuels.
▪ Par extension.
Relatif à l’homosexualité féminine ; qui est propre aux homosexuelles, qui s’adresse à elles.
Les relations lesbiennes des héroïnes des romans de Violette Leduc.
Un bar lesbien.",2026-06-04T04:43:46.458Z
L0974,L,LIRE,nom féminin,"Étymologie : xvie siècle. Emprunté de l’italien lira, désignant d’abord une unité de masse, puis plusieurs monnaies italiennes, lui-même issu du latin libra, « poids, mesure ».","Ancienne unité monétaire de l’Italie qui fut remplacée par l’euro.
Un billet de mille lires.",2026-06-04T04:43:53.667Z
L1075,L,LIVRE,nom féminin,"Étymologie : xe siècle, livra. Issu du latin libra, « poids, mesure ».","1. 
En France.
Sous l’Ancien Régime, unité de masse dont la valeur variait selon les provinces.
La livre valait à Paris quatre-cent-quatre-vingt-dix grammes.
La livre se divisait en seize onces.
▪ Désigne aujourd’hui, dans la langue courante, un poids d’un demi-kilogramme ou cinq cents grammes (s’emploie surtout en parlant de denrées alimentaires).
Une livre et demie de viande.
Une demi-livre de beurre.
Un pain d’une livre.
Vendre, acheter à la livre.


2. 
Unité de masse en vigueur au Royaume-Uni et au Canada (symbole : lb), où elle est utilisée concurremment avec celle du système métrique.
La livre ou livre anglaise correspond à 453,59 grammes.
Désigne aussi l’unité de masse équivalente en vigueur aux États-Unis.",2026-06-04T04:43:55.639Z
M0317,M,MÂLE,nom masculin et adjectif,"Étymologie : xiie siècle, mascle, masle. Issu du latin masculus, de même sens.","1. 
Chez les espèces animales qui présentent un dimorphisme sexuel, désigne l’individu qui produit les gamètes fécondants, appelés spermatozoïdes.
Le mâle et la femelle.
Le cerf est le mâle de la biche.
Chez le paradisier, le mâle porte un plumage aux couleurs chatoyantes.

2. 
En termes de généalogie, de succession, s’emploie pour désigner l’homme.
La loi salique ne donnait qu’aux mâles le droit de succéder à la Couronne.

3. 
Fam. et souvent plaisant.
Homme qui manifeste la force, l’énergie, la vigueur correspondant à l’image traditionnelle, voire stéréotypée, que l’on peut avoir de son sexe.
C’est un vrai mâle.",2026-06-04T04:47:01.897Z
M0569,M,MANOUCHE,nom,"Étymologie : xxe siècle. Emprunté du romani manus, « homme », lui-même probablement issu du sanscrit manusa, « homme, être humain ».","1. 
Désignait naguère, parfois de manière péjorative, les membres de communautés nomades qu’on appelait aussi bohémiens, gitans, romanichels.

2. 
Avec une majuscule.
Membre d’un des trois groupes issus de la population rom, principalement installé dans les pays germanophones.
Un, une Manouche.
▪ Au masculin.
Le manouche, l’un des dialectes du romani.

▪ Adjectivement.
Une famille manouche.
Spécialement. Marque de domaine : musique.
Jazz manouche, style né dans les années 1930 de la rencontre entre les musiques d’Europe centrale, la musette et le jazz, où dominent la guitare et les instruments à cordes.
Django Reinhardt et Stéphane Grappelli furent les initiateurs du jazz manouche.",2026-06-04T04:47:07.089Z
M1136,M,MARK,nom masculin,"Étymologie : xviiie siècle, marque. Mot allemand, qui a désigné diverses monnaies dans des pays de langue germanique.","1. 
Ancienne unité monétaire de l’Allemagne qui fut remplacée par l’euro.
Un billet de cinquante marks.

2. 
Ancienne unité monétaire de la Finlande qui fut remplacée par l’euro.",2026-06-04T04:47:18.386Z
M1256,M,"MASCULIN, MASCULINE",adjectif,"Étymologie : xiiie siècle. Emprunté du latin masculinus, de même sens.","1. 
Qui est de la nature de l’homme ; qui est propre aux hommes, à l’homme.
Il y a peu de personnages masculins dans ce roman.
Un individu de sexe masculin, du sexe masculin.
Dans le chant, la plus aiguë des voix masculines est celle du haute-contre.
▪ Par extension.
Se dit de certains caractères ou de certains traits, physiques ou moraux, qui correspondent à l’image traditionnelle, voire stéréotypée, que l’on se fait des hommes.
Un visage masculin.
Une allure masculine.
Un comportement typiquement masculin.
Par métonymie.
Il n’est pas très masculin.


2. 
Qui est composé d’hommes.
La population masculine.
Le roi Charles IV mourut sans descendance masculine, ce qui fut l’une des causes de la guerre de Cent Ans.
L’équipe française masculine de gymnastique.

3. 
Qui est destiné ou réservé aux hommes.
Un prénom masculin.
En Écosse, le kilt fait partie du costume traditionnel masculin.
Le décathlon est une discipline sportive masculine.
▪ Spécialement.
Marque de domaine : féodalité.
Fief masculin, que les mâles seuls pouvaient posséder.


4. 
Marque de domaine : grammaire.
Se dit, par opposition au genre féminin et, dans certaines langues, au genre neutre, du genre grammatical dans lequel sont rangés des substantifs, et divers mots qui s’y rattachent, partageant des propriétés sémantiques ou, le plus souvent, formelles.
Les noms ayant pour référent des hommes sont souvent de genre masculin.
« Haltère » et « effluve » sont des noms du genre masculin.
Le genre masculin, aussi appelé « genre non marqué », est utilisé lorsqu’on parle de plusieurs êtres ou choses désignés par des noms masculins et féminins, comme dans « Tous les visiteurs ont été évacués » ou « Les haies et les massifs ont été taillés ».
▪ Par extension.
Qui relève du genre masculin ; qui sert à marquer qu’un mot est masculin.
Un nom, un pronom masculin.
L’adjectif « haret » est un adjectif masculin.
Dans les termes « instituteur », « malin » et « hexagonaux », « ‑eur », « ‑in » et « ‑aux » sont des terminaisons masculines.

▪ Subst. Au masculin.
Un masculin, un mot de genre masculin.
En latin, la deuxième déclinaison regroupe essentiellement des masculins.
Le masculin, la forme masculine d’un mot.
Le masculin et le féminin.
L’accord d’un participe passé se rapportant à la locution « quelque chose » se fait toujours au masculin, comme dans « Quelque chose est tombé ».
Cet adjectif ne s’emploie qu’au masculin.


5. 
Marque de domaine : prosodie.
Rime masculine, constituée de mots dont la dernière voyelle n’est pas un e muet.
L’alternance des rimes masculines et des rimes féminines dans la poésie classique.",2026-06-04T04:47:20.718Z
M1449,M,MEC,nom masculin,"Étymologie : xixe siècle, mecque, « chef ». D’origine obscure.","1. 
Argot. Vieilli.
Homme reconnu dans le monde de la pègre ; désignait aussi parfois le souteneur d’une prostituée.

2. 
Fam.
Homme, individu quelconque.
Un mec lui a volé son portefeuille.
Un beau mec.
Quel pauvre, quel sale mec !
▪ S’emploie aussi pour désigner un homme avec qui une personne est en couple.
Je n’ai jamais rencontré son mec.


3. 
Fam.
S’emploie parfois pour désigner un garçon qui a des attitudes rappelant celles d’un homme adulte.
C’est un vrai petit mec.",2026-06-04T04:47:24.772Z
M1613,M,MÉLÈZE,nom masculin,"Étymologie : xvie siècle, comme nom féminin. Emprunté du dauphinois melese, de même sens, lui-même peut-être issu du latin mel, mellis, « miel ».","■ 
Conifère de la famille des Pinacées, de forme pyramidale, aux cônes dressés et dont les aiguilles, groupées en bouquets, sont caduques.
Une forêt de mélèzes.
▪ Par métonymie.
Le bois de cet arbre, dense et imputrescible.
La ville de Venise est en partie édifiée sur des pieux de mélèze.",2026-06-04T04:47:28.296Z
M1964,M,MÉTIS,adjectif,"Étymologie : xiie siècle, mestiz, « (chien) issu de deux races distinctes » et « (personne) dont les parents sont de condition sociale différente » ; xviiie siècle, au sens 1 ; xixe siècle, au sens 3. Issu du latin chrétien mixticius, « composé, formé d’un mélange », lui-même dérivé de miscere, « mêler, mélanger », avec influence de l’espagnol mestizo, « né d’un Européen et d’une Amérindienne, ou d’un Amérindien et d’une Européenne », pour le sens 1.","1. 
Se dit d’une personne dont les parents ont des couleurs de peau différentes.
Des enfants métis.
Une femme métisse.
Subst.
Un métis, une métisse.

2. 
Marque de domaine : biologie.
Se dit d’un animal, d’une plante issus du croisement d’individus de la même espèce mais qui appartiennent à des races, à des variétés différentes.
Une vache métisse.
Une vigne métisse.

3. 
Marque de domaine : textile.
Se dit d’un tissu dont la trame est en lin et la chaîne en coton.
La toile métisse est utilisée pour la confection de linge de maison.
Subst.
Drap de métis.",2026-06-04T04:47:35.601Z
M1965,M,MÉTISSAGE,nom masculin,Étymologie : xixe siècle. Dérivé de métis.,"1. 
Action de métisser ou de se métisser ; résultat de cette action.
Le métissage de la population aux États-Unis.
La colonisation portugaise s’est accompagnée d’une politique de métissage.
▪ Par extension.
Le métissage culturel, linguistique entre deux peuples.


2. 
Marque de domaine : biologie.
Croisement entre deux races d’animaux ou deux variétés de végétaux de la même espèce, par lequel on crée une race ou une variété nouvelle.",2026-06-04T04:47:35.668Z
M1966,M,MÉTISSER,verbe transitif direct,Étymologie : xixe siècle. Dérivé de métis.,"1. 
Rendre une population plus hétérogène par suite de la reproduction de ses membres avec des individus d’une autre couleur de peau.
S’emploie surtout au passif ou à la forme pronominale.
La population du pays a été métissée conséquemment à diverses vagues de migration.
Par métonymie.
La région s’est progressivement métissée.
▪ Au participe passé, adjectivement.
L’Amérique est un continent métissé.
Une foule métissée, aux multiples origines ethniques.
Par extension.
Qui est issu de diverses provenances géographiques.
Une cuisine métissée.


2. 
Marque de domaine : biologie.
Croiser deux races d’animaux ou deux variétés de végétaux de la même espèce, afin de créer une race ou une variété nouvelle.",2026-06-04T04:47:35.789Z
M2842,M,"MORICAUD, MORICAUDE",nom,"Étymologie : xvie siècle. Dérivé de More, variante graphique de Maure, avec influence du latin médiéval mauriscus, « mauresque ».","■ 
Fam. et péj.
Personne qui a le teint très brun.
Une petite moricaude.
Se rencontrait parfois adjectivement.
Un vieillard moricaud.
▪ Par extension.
Terme de mépris désignant un homme, une femme de couleur.",2026-06-04T04:47:53.000Z
M2927,M,MOTIVATION,nom féminin,Étymologie : xixe siècle. Dérivé de motiver.,"1. 
Marque de domaine : droit.
Le fait de justifier quelque chose par un ou des motifs.
Motivation d’un acte administratif, d’une décision de justice.

2. 
Ce qui explique une action, permet de rendre compte de l’attitude, de la conduite de quelqu’un.
La motivation d’une intervention armée, d’une déclaration de guerre.
On s’interroge sur la motivation de leur départ précipité.
▪ Par extension.
Ce qui pousse quelqu’un à vouloir agir et, en particulier, à vouloir travailler, se consacrer à quelque entreprise.
Quelles sont ses motivations profondes ?
Organiser un séminaire pour renforcer la motivation des employés.

▪ Loc.
Lettre de motivation, qu’écrit une personne à la recherche d’un travail, d’un stage, etc. afin de se présenter, de mettre en avant ses qualités et de montrer son intérêt pour le poste, la formation visés.

▪ Spécialement. Marque de domaine : psychologie.
Ce qui détermine le comportement de quelqu’un dans une situation donnée.
Motivation consciente, inconsciente.
– Marque de domaine : économie.
Ensemble des facteurs expliquant le comportement des acteurs économiques et, en particulier, des consommateurs.
Étude de motivation.

– Marque de domaine : linguistique.
Relation qu’établit le locuteur entre le signifiant et le signifié, ou entre des signes, qui lui permet de déduire le sens de certains mots.
Motivation phonétique, qui est établie entre la sonorité d’un mot et un son, un bruit du monde extérieur.
La motivation phonétique d’une onomatopée.
Motivation morphologique, observée dans les termes où un ou plusieurs composants signifiants peuvent être isolés.
La motivation morphologique d’un diminutif, tel que « maisonnette », qui vient de « maison ».",2026-06-04T04:47:54.706Z
M2928,M,MOTIVER,verbe transitif direct,Étymologie : xviiie siècle. Dérivé de motif.,"1. 
Marque de domaine : droit.
Justifier quelque chose par un ou des motifs.
Motiver un arrêt.
Motiver son refus dans les formes.
Au participe passé, adjectivement.
Avis motivé.
La demande motivée de placement d’un enfant dans une famille d’accueil.
Anciennement.
Ordre du jour motivé, voir Ordre.

2. 
Expliquer une action, être la cause d’une attitude, d’une conduite.
Voilà ce qui a motivé cette mesure.
Rien ne motive sa décision.
▪ Par extension.
Donner à quelqu’un l’envie d’agir et, en particulier, de travailler, de se consacrer à quelque entreprise.
J’ignore ce qui l’a motivée.
Motiver un élève.
Au participe passé, adjectivement.
Des salariés très motivés.

▪ Spécialement. Marque de domaine : linguistique.
Établir la motivation d’un mot.
Surtout au participe passé, adjectivement.
Un signe motivé, non motivé.",2026-06-04T04:47:54.895Z
M3162,M,"MULTIRACIAL, MULTIRACIALE",adjectif,"Étymologie : xxe siècle. Emprunté de l’anglais des États-Unis multiracial, de même sens.",Se dit parfois d’une société où vivent des populations d’origine ethnique différente.,2026-06-04T04:47:59.359Z
N0220,N,NÉGATIONNISME,nom masculin,"Étymologie : xxe siècle. Mot forgé par un historien de la Seconde Guerre mondiale, dérivé de négation, pour remplacer le mot révisionnisme, lequel était utilisé par certains négationnistes pour donner à leur idéologie une légitimité historique.","■ 
Doctrine contestant la réalité et les preuves du génocide des Juifs par les nazis, et niant plus particulièrement l’existence des chambres à gaz dans les camps d’extermination ; attitude, comportement de ceux qui défendent cette doctrine.
En France, le négationnisme est un délit puni par la loi depuis 1990.
▪ Par extension.
S’emploie parfois pour désigner la remise en cause d’autres génocides.",2026-06-04T04:50:20.083Z
N0221,N,NÉGATIONNISTE,adjectif,Étymologie : xxe siècle. Dérivé de négationnisme.,"Relatif au négationnisme ; qui soutient, qui exprime les positions du négationnisme.
Un ouvrage négationniste.
Un idéologue négationniste.
Subst.
Un, une négationniste.",2026-06-04T04:50:20.163Z
N0239,N,"NÈGRE, NÉGRESSE",nom et adjectif,"Étymologie : xvie siècle. Emprunté, par l’intermédiaire de l’espagnol ou du portugais negro, du latin niger, nigra, nigrum, « noir, sombre ».","1. 
N.
Terme qui désignait un homme noir, une femme noire et, plus spécialement, un esclave noir, une esclave noire, et qui, devenu dépréciatif, ne s’emploie plus qu’avec une intention raciste et injurieuse.
Le terme « nègre » a été revendiqué au xxe siècle par des écrivains noirs, comme Aimé Césaire et Léopold Sédar Senghor, pour affirmer leur identité.
En créole haïtien, « nèg », qui vient de « nègre », peut désigner un homme, quelle que soit sa couleur de peau.
Un chapitre de l’ouvrage de Montesquieu, « De l’esprit des lois », est intitulé « De l’esclavage des nègres ».
L’essai de Pierre Vallières, « Nègres blancs d’Amérique », publié en 1968, dénonce la condition des prolétaires québécois.
En composition.
Petit-nègre, Tête-de-nègre, voir ces mots.
▪ Loc. et expr. vieillies.
Traiter quelqu’un comme un nègre, le traiter avec beaucoup de dureté et de mépris.
Travailler comme un nègre, travailler sans relâche, sans répit.
Fig.
Nègre blanc, se dit de ce qui est formulé en termes ambigus, de manière à ménager des opinions contraires.
Une motion nègre blanc.


2. 
N. m. Fig. et fam.
Personne qui rédige un ouvrage publié sous la signature d’une autre.
RemarqueÀ ce mot, qui a une connotation raciste, on préfèrera Prête-plume.",2026-06-04T04:50:20.576Z
N0241,N,"NÉGRILLON, NÉGRILLONNE",adjectif,Étymologie : xviiie siècle. Dérivé de nègre.,"Terme familier, devenu dépréciatif, qui s’employait pour désigner un enfant noir.",2026-06-04T04:50:20.658Z
N0244,N,NÉGROÏDE,adjectif,"Étymologie : xixe siècle. Composé à l’aide de nègre et de l’élément ‑oïde, tiré du grec eidos, « forme, apparence ».","Terme autrefois utilisé dans la langue savante pour qualifier ce qui présente des caractères physiques observés chez certaines populations noires et qui ne se rencontre plus aujourd’hui que dans des emplois dépréciatifs.
Type négroïde.",2026-06-04T04:50:20.755Z
N0863,N,NYMPHOMANE,adjectif,Étymologie : xixe siècle. Dérivé de nymphomanie.,"1. 
Marque de domaine : pathologie.
Se dit d’une femme qui souffre de nymphomanie.
Subst.
Une nymphomane.

2. 
Marque de domaine : pathologie animale.
Se dit des femelles de certains mammifères qui sont continuellement en chaleur.",2026-06-04T04:50:32.893Z
N0864,N,NYMPHOMANIE,nom féminin,"Étymologie : xviiie siècle. Emprunté du latin médical nymphomania, de même sens, lui-même composé à l’aide du grec numphê, « jeune mariée ; nymphe », puis, en médecine, « clitoris », et mania, « folie ».","1. 
Marque de domaine : pathologie.
Exacerbation du désir sexuel chez une femme.
Le terme « nymphomanie » tend à être remplacé par celui d’« hypersexualité ».

2. 
Marque de domaine : pathologie animale.
Le fait, pour les femelles de certains mammifères, d’être continuellement en chaleur.
La nymphomanie peut s’observer en cas de dérèglement hormonal.",2026-06-04T04:50:32.966Z
O0114,O,OCCASIONNALISME,nom masculin,Étymologie : xixe siècle. Dérivés d’occasionnel.,"Marque de domaine : philosophie.
Doctrine développée par Malebranche, selon laquelle il n’existe, en dehors de l’action de Dieu, seule cause efficace, que des causes occasionnelles.",2026-06-04T04:53:41.060Z
O0673,O,"ORDONNÉ, ORDONNÉE",adjectif et nom féminin,Étymologie : xive siècle. Tiré du participe passé d’ordonner.,"1. 
Qui est dans un certain ordre et, en particulier, qui est convenablement ou harmonieusement disposé, dont les parties s’accordent et s’équilibrent.
Les éléments de cette fresque sont savamment ordonnés.
Une maison bien ordonnée, bien tenue, où les choses sont à leur place.
▪ Spécialement. Marque de domaine : mathématiques.
Ensemble ordonné, qui est muni d’une relation d’ordre.

▪ Expr. fig.
Une tête bien, mal ordonnée, un esprit juste et méthodique, confus et brouillon.

▪ Prov.
Charité bien ordonnée commence par soi-même.


2. 
Qui possède des qualités d’ordre et de méthode.
C’est quelqu’un de très ordonné.
Cet enfant n’est guère ordonné.",2026-06-04T04:53:51.924Z
O0691,O,ORFRAIE,nom féminin,"Étymologie : xiiie siècle. Altération d’osfraie, issu du latin ossifraga, proprement, « qui brise les os », qui désignait un rapace se nourrissant de poissons, lui-même composé à l’aide de os, ossis, « os », et de frangere, « briser ».","■ 
Nom qu’on donnait autrefois au balbuzard ou au pygargue à queue blanche.
▪ Par extension et abusivement.
Effraie.
Ne s’emploie plus que dans l’expression Pousser des cris d’orfraie (par référence aux cris aigus et plaintifs que cet oiseau émet à la nuit tombante), en parlant d’une personne, pousser des cris stridents ou, au figuré, protester avec véhémence.",2026-06-04T04:53:52.337Z
P1172,P,PÉDÉRASTE,nom masculin,"Étymologie : xvie siècle. Emprunté du grec paiderastês, « homme qui aime les jeunes garçons », composé à l’aide de pais, paidos, « jeune garçon », et de erastês, « celui qui initie la relation amoureuse », lui-même tiré de erân, « désirer ».","1. 
Homme adulte qui s’adonne à la pédérastie.

2. 
S’est employé péjorativement au sens d’Homosexuel.",2026-06-04T04:57:19.607Z
P1173,P,PÉDÉRASTIE,nom féminin,"Étymologie : xvie siècle. Emprunté du grec paiderastia, de même sens, lui-même dérivé de paiderastês, « pédéraste ».","1. 
Attirance sexuelle éprouvée par un homme adulte pour les jeunes garçons ; commerce charnel d’un homme adulte et d’un jeune garçon.
En Grèce antique, la pédérastie avait une vocation culturelle et initiatique.

2. 
S’est employé péjorativement au sens d’Homosexualité masculine.",2026-06-04T04:57:19.685Z
P1204,P,PÉDOPHILE,adjectif,"Étymologie : xixe siècle. Composé de pédo- [i] et de ‑phile, tiré du grec philos, « qui aime ».","1. 
Se dit d’une personne qui est sujette à la pédophilie.
Un pervers pédophile.
▪ Par extension.
Se dit d’un individu qui commet un crime relevant de la pédophilie (on dit, dans la langue juridique, Pédocriminel).

▪ Subst.
L’arrestation d’un pédophile.


2. 
Relatif à la pédophilie.
Un acte pédophile.
Un réseau pédophile de prostitution.
Les sites pédophiles de l’internet.",2026-06-04T04:57:20.320Z
P1205,P,PÉDOPHILIE,nom féminin,Étymologie : xixe siècle. Dérivé de pédophile.,"■ 
Perversion sexuelle d’une personne adulte qui est attirée sexuellement par les enfants, qui assouvit ses désirs sexuels avec des enfants.
▪ Par extension.
Ensemble des actes criminels de nature sexuelle commis sur des enfants ou qui ont trait à l’exploitation sexuelle d’enfants (on dit, dans la langue juridique, Pédocriminalité).",2026-06-04T04:57:20.391Z
P1367,P,PENNY,nom masculin,"Étymologie : xve siècle, peny. Mot anglais.","■ 
Au Royaume-Uni, ancienne subdivision de la livre et du shilling.
Une livre était divisée en vingt shillings, eux-mêmes divisés en douze pence chacun.
Désigne, à partir de l’adoption du système décimal en 1971, la centième partie de la livre.
Deux livres cinquante pence.
Une pièce de un penny ou d’un penny, une pièce de dix pence.
▪ Par métonymie.
Pièce d’une valeur de un penny (en ce sens, on dit au pluriel Pennys ou Pennies  [peniz]).

▪ Expr. fam.
Ça ne vaut pas un penny, cela n’a aucune valeur.",2026-06-04T04:57:23.627Z
P1759,P,PESETA,nom féminin,"Étymologie : xviiie siècle. Mot espagnol, probablement tiré du catalan peceta, « petite pièce ».","Ancienne unité monétaire de l’Espagne qui fut remplacée par l’euro.
Un billet de mille pesetas.
La peseta fut la monnaie officielle de l’Espagne de 1868 à 2002.",2026-06-04T04:57:31.241Z
P2421,P,PIN,nom masculin,"Étymologie : xie siècle. Issu du latin pinus, de même sens.","■ 
Conifère de la famille des Pinacées, dont les aiguilles sont longues et généralement attachées par deux.
La forêt landaise est une forêt de pins.
Pin maritime, pin sylvestre.
Pin parasol ou pin pignon, voir Parasol.
Pin d’Alep, espèce méditerranéenne qui pousse sur des sols calcaires.
Pin laricio, pin de grande hauteur que l’on trouve principalement en Corse.
Des aiguilles de pin.
Pignons, résine de pin.
Pomme de pin, nom que l’on donne couramment au cône de diverses pinacées, notamment du sapin et du pin ; se dit aussi, en termes d’architecture, d’un ornement sculpté qu’on place dans les angles des plafonds à corniche, au sommet des coupoles, etc.
▪ Par métonymie.
Le bois de cet arbre.
Des meubles en pin.
Le pin sert à fabriquer des caisses, des poteaux, du papier.",2026-06-04T04:57:43.908Z
P3146,P,POLAQUE,nom,"Étymologie : xvie siècle, d’abord au sens de « Polonais ». Emprunté du polonais Polak, abréviation de Polanin, « Polonais ».","1. 
N. m.
Cavalier polonais qui servait dans l’armée française aux xviie et xviiie siècles.
Un régiment de polaques.

2. 
N. Fam. et péj. Avec une majuscule.
Désigne un Polonais ou une Polonaise (on écrit aussi Polack).",2026-06-04T04:57:58.396Z
P4466,P,PROFESSIONNALISATION,nom féminin,"Étymologie : xxe siècle. Dérivés de professionnel, avec influence de l’anglais professionalization.","1. 
Transformation, évolution d’une activité, impliquant qu’elle ne soit plus exercée que par des gens de métier.
La professionnalisation de la politique.
Par métonymie.
La suppression du service militaire obligatoire a accéléré la professionnalisation de l’armée française.

2. 
Marque de domaine : enseignement.
Adaptation d’une formation à une activité professionnelle.
Professionnalisation d’une filière.
▪ Par métonymie.
Cet étudiant a signé un contrat de professionnalisation.",2026-06-04T04:58:24.515Z
P4467,P,PROFESSIONNALISER,verbe transitif direct,"Étymologie : xixe siècle. Dérivés de professionnel, avec influence de l’anglais to professionalize.","1. 
Rendre professionnelle une activité, lui donner le statut de métier.
Professionnaliser une fonction.
▪ Pron.
Le rugby français s’est professionnalisé à la fin des années 1980.
Par métonymie.
Ce jeune chanteur aimerait se professionnaliser.


2. 
Marque de domaine : enseignement.
Adapter une formation à la pratique professionnelle.
Pron.
Ce cursus doit se professionnaliser.
Par métonymie.
Il a choisi cette école pour se professionnaliser rapidement.",2026-06-04T04:58:24.657Z
P4468,P,PROFESSIONNALISME,nom masculin,"Étymologie : xixe siècle. Dérivés de professionnel, avec influence de l’anglais professionalism.","1. 
Statut d’une personne qui exerce une activité à titre professionnel.
Ce joueur de football est passé de l’amateurisme au professionnalisme.

2. 
Le fait de bien connaître son métier et de l’exercer avec sérieux.
Faire preuve, manquer de professionnalisme.",2026-06-04T04:58:24.730Z
P4627,P,PROPORTIONNALITÉ,nom féminin,"Étymologie : xive siècle. Empruntés du latin tardif proportionalitas, de même sens.","■ 
Rapport qui unit des grandeurs, des quantités proportionnelles entre elles.
La proportionnalité entre le poids d’une marchandise vendue au kilo et son prix.
Sur une carte routière, il y a proportionnalité entre les distances réelles et les distances représentées.
Fig.
Adéquation, équilibre.
La proportionnalité des peines et des délits.
▪ Spécialement. Marque de domaine : sciences.
Coefficient de proportionnalité, dans le cas de deux grandeurs proportionnelles, nombre par lequel on multiplie la première pour obtenir la seconde.
π est le coefficient de proportionnalité qui permet de passer du diamètre d’un cercle à sa circonférence.
Tableau de proportionnalité, notation, sous forme de tableau, des termes d’une proportion.
– Marque de domaine : fiscalité.
Proportionnalité d’un impôt, caractère d’un impôt dont le taux est fixe et correspond à un pourcentage déterminé du montant à imposer.",2026-06-04T04:58:27.879Z
P4891,P,PSEUDOHERMAPHRODISME,nom masculin,Étymologie : xxe siècle. Composé de pseudo‑ et d’hermaphrodisme.,"Marque de domaine : zoologie.
Le fait, pour un organisme, de présenter certains caractères d’un sexe, tout en possédant les chromosomes sexuels et les glandes reproductrices de l’autre sexe.
Pseudohermaphrodisme femelle, mâle.",2026-06-04T04:58:33.150Z
P4959,P,PSYCHOTROPE,adjectif,"Étymologie : xxe siècle. Composé de psycho‑ et de ‑trope, tiré du grec tropos, « direction », lui-même dérivé de trepein, « tourner, diriger ».","■ 
Se dit d’une substance chimique, naturelle ou synthétique, qui modifie l’activité mentale, les comportements et les sensations, en agissant sur le système nerveux central.
Les drogues sont des produits psychotropes ou, substantivement, au masculin, des psychotropes.
Un médicament psychotrope ou, substantivement, au masculin, un psychotrope, un médicament prescrit pour ses effets antidépresseurs, tranquillisants, neuroleptiques.
Par métonymie.
L’action psychotrope des barbituriques.
(Dans certains emplois, on dit aussi Psychoactif.)",2026-06-04T04:58:34.645Z
R0083,R,RACE,nom féminin,"Étymologie : xve siècle, rasse. Emprunté de l’italien razza, « race », désignant à l’origine un groupe d’étalons et de juments destinés à la reproduction, altération de l’ancien français haraz, de même sens, lui-même d’origine francique.","1. 
Dans la langue soutenue.
Lignée, ensemble des ascendants et descendants d’une même personne, d’une même famille.
La race d’Abraham, de David.
Il vient d’une race illustre, d’une race ancienne.
Être de race noble, de race royale.
Une race éteinte.
Spécialement. Marque de domaine : histoire. Vieilli.
Chacune des dynasties qui ont tour à tour occupé le trône de France.
La première, la deuxième, la troisième race, les Mérovingiens, les Carolingiens, les Capétiens.
▪ Loc. adj. Péj.
Fin de race, se dit, dans la langue courante, d’une personne qui, dans ses manières ou son apparence, semble incarner le déclin d’une grande famille.
Subst.
Un, une fin de race.

▪ Par extension.
Ensemble d’êtres humains considérés comme ayant une origine commune.
La race humaine, la race mortelle.
Les races futures, les races à venir.

▪ Par analogie.
Catégorie particulière d’individus apparentés par des qualités, des inclinations, des habitudes communes.
Il est de la race des grands conquérants.
Souvent en mauvaise part.
La race des pédants est insupportable.
Marque de domaine : bible.
Race de vipères, voir Vipère.


2. 
Chacun des grands groupes entre lesquels on répartissait naguère, arbitrairement, l’espèce humaine d’après certains caractères physiques apparents.
Dès les premiers classements des êtres humains en races, à la fin du xviie siècle, les groupes constitués firent l’objet d’une hiérarchisation.
Au début du xxe siècle, on distinguait souvent les races noire, blanche, jaune et rouge.
« Race et histoire », de Claude Lévi-Strauss, a fait date dans le domaine de l’ethnologie.
Le mélange, le métissage des races.
▪ Par extension.
S’est aussi employé au sens de Peuple, Ethnie.
« La Race française », du médecin René Martial, fut un ouvrage de référence dans l’entre-deux-guerres.
Un des fondements du national-socialisme était la supériorité d’une prétendue race aryenne.",2026-06-04T05:03:31.834Z
R0097,R,"RACIAL, RACIALE",adjectif,Étymologie : xxe siècle. Dérivé de race.,"Relatif à la notion arbitraire de race.
Discrimination, ségrégation raciale.
Des préjugés raciaux.
En France, l’incitation à la haine raciale est un délit.",2026-06-04T05:03:32.162Z
R0102,R,RACISME,nom masculin,Étymologie : xxe siècle. Dérivé de race.,"■ 
Préjugé hostile ou méprisant à l’égard des personnes appartenant à telle ou telle population, à telle ou telle ethnie ; doctrine selon laquelle il existerait, au sein de l’espèce humaine, une hiérarchie entre les groupes appelés races, qui seraient dotés de facultés inégales.
Une remarque teintée de racisme.
Le racisme, en rompant l’unité du genre humain, légitime la volonté de domination de certains groupes sur d’autres.
Le mouvement SOS Racisme a été fondé en 1984.
Racisme d’État, qui repose sur des lois raciales.
Un théoricien du racisme.
▪ Par extension.
Attitude, comportement qui relève d’un tel préjugé, d’une telle doctrine.
Faire preuve de racisme.",2026-06-04T05:03:32.315Z
R0103,R,RACISTE,adjectif,Étymologie : xixe siècle. Dérivé de race.,"Relatif au racisme ; qui fait preuve de racisme.
Les théories racistes étaient au centre de la politique nationale-socialiste.
Comportement raciste.
Injure à caractère raciste.
Dans le Code pénal, la motivation raciste d’un crime ou d’un délit constitue une circonstance aggravante.
Une plaisanterie raciste.
Un homme politique raciste.
Subst.
Un, une raciste.",2026-06-04T05:03:32.403Z
R0615,R,RATONNADE,nom féminin,"Étymologie : xxe siècle. Dérivé de raton, employé comme injure raciste à l’égard des Nord-Africains.","■ 
Marque de domaine : histoire.
S’est employé, durant la guerre d’Algérie, pour désigner des actions de représailles menées contre des Maghrébins.
▪ Par extension.
Acte de violence collective à caractère raciste dirigé contre des minorités d’origine maghrébine.",2026-06-04T05:03:42.275Z
R2425,R,RÉVISIONNISME,nom masculin,Étymologie : xixe siècle. Dérivé de révision.,"1. 
Le fait de réclamer la révision de lois, de décisions de justice, de traités, ou d’être favorable à cette révision.
Le révisionnisme des dreyfusards.
Après la Première Guerre mondiale se développa en Allemagne un révisionnisme qui cherchait à lever les mesures imposées par le traité de Versailles.

2. 
Attitude d’un individu, d’un groupe qui remet en question la doctrine du mouvement, du parti politique auquel il appartient.
▪ Spécialement.
A désigné de manière polémique, dans l’histoire du marxisme, la position de ceux qui souhaitaient réviser l’ensemble théorique élaboré par Marx et Engels afin de promouvoir le réformisme.
Dans la querelle sino-soviétique des années 1960, Mao Zedong accusait de révisionnisme les responsables politiques de l’URSS, notamment Khrouchtchev.
Le parti communiste italien était taxé de révisionnisme par les Brigades rouges.

▪ Par métonymie.
Le révisionnisme d’un courant politique.


3. 
Terme polémique désignant l’attitude d’un historien qui, en élaborant de nouvelles hypothèses, revient sur l’interprétation dominante, à une époque donnée, de certains faits historiques, et, par métonymie, le caractère des travaux ainsi élaborés.",2026-06-04T05:04:17.175Z
R2426,R,RÉVISIONNISTE,adjectif,Étymologie : xixe siècle. Dérivé de révision.,"1. 
Qui réclame la révision de lois, de décisions de justice, de traités ; qui est favorable à cette révision.
Opposés aux lois constitutionnelles de 1875, les partisans du général Boulanger étaient appelés « républicains révisionnistes ».
Subst.
Le journaliste Bernard Lazare, qui prit la défense d’Alfred Dreyfus lors de sa condamnation, fut un des premiers révisionnistes.
▪ Par métonymie.
Un courant révisionniste.
Des positions révisionnistes.


2. 
Se dit d’un individu, d’un groupe qui remet en question la doctrine du mouvement, du parti politique auquel il appartient.
Sous l’influence de Vladimir Jabotinsky, un parti révisionniste fut créé dans les années 1920 pour réformer le sionisme.
▪ Spécialement.
S’est dit de manière polémique, dans l’histoire du marxisme, pour qualifier ceux qui souhaitaient réviser l’ensemble théorique élaboré par Marx et Engels afin de promouvoir le réformisme.
Marxistes révisionnistes.
Subst.
Eduard Bernstein et Otto Bauer ont été traités de révisionnistes par les marxistes orthodoxes.

▪ Par métonymie.
Des conceptions révisionnistes.


3. 
Se dit, de manière polémique, d’un historien qui, en élaborant de nouvelles hypothèses, revient sur l’interprétation dominante de faits historiques.
Un auteur révisionniste.
▪ Par métonymie.
Les travaux de François Furet sur la Révolution française, au moment de leur parution, ont été qualifiés de révisionnistes par les marxistes.",2026-06-04T05:04:17.261Z
R2852,R,ROM,nom,"Étymologie : xixe siècle. Emprunté du romani rrom, proprement « homme, époux », puis « Tsigane », lui-même probablement d’origine sanscrite.","■ 
Avec une majuscule.
Personne appartenant à la population originaire du Nord de l’Inde qui migra à partir du xive siècle en Europe centrale, puis, pour certaines communautés, dans le reste de l’Europe et en Amérique du Nord, et dont la langue est le romani.
Le terme « rom » a été adopté par le Conseil de l’Europe en 2006 pour remplacer d’autres appellations imprécises, impropres ou péjoratives.
▪ Désigne en particulier un membre de l’un des trois grands groupes issus de cette population, installé principalement dans les Balkans et en Europe centrale.
Les Roms, les Gitans et les Manouches.
En France, les Roms viennent pour la plupart de Roumanie et de Bulgarie.

▪ Adjectivement.
La communauté rom.

(On dit aussi Tsigane ou, moins souvent, Romani.)",2026-06-04T05:04:25.920Z
R2872,R,ROMANI,nom,"Étymologie : xixe siècle. Mot romani, signifiant d’abord « propre aux Tsiganes », dérivé de rrom, proprement « homme, époux », puis « Tsigane », lui-même probablement d’origine sanscrite.","1. 
N.
Synonyme moins fréquent de Rom [i].

2. 
N. m. Marque de domaine : linguistique.
Langue indo-européenne, proche du sanscrit à l’origine, qui s’est enrichie de nombreux emprunts au cours des déplacements des Roms en Europe, et qui comporte plusieurs dialectes.
Le romani a été doté d’un alphabet standard, mais il est aussi transcrit dans divers autres alphabets, selon les pays où vivent les communautés roms.
Adjectivement.
La littérature en langue romani.
Les parlers romanis.",2026-06-04T05:04:26.388Z
R2873,R,"ROMANICHEL, ROMANICHELLE",nom,"Étymologie : xixe siècle. Adaptation du romani d’Allemagne Romanitchel, « peuple des Tsiganes ; Tsigane », lui-même composé à l’aide de romani, « Tsigane », et de tsel, « peuple ».","Désignait naguère, souvent de manière péjorative, les membres de communautés nomades qu’on appelait aussi bohémiens, gitans, manouches.
Une roulotte de romanichels.",2026-06-04T05:04:26.463Z
S0431,S,SAPIN,nom masculin,"Étymologie : xiie siècle. Issu du latin sap(p)inus, de même sens.","1. 
Conifère de la famille des Pinacées, dont les aiguilles sont disposées à plat et les cônes, dressés.
Une forêt de sapins.
Le fruit du sapin est couramment appelé « pomme de pin ».
Sapin de Nordmann.
Du miel de sapin.
▪ Par métonymie.
Le bois de cet arbre.
Le sapin est un bois blanc souvent utilisé en menuiserie et dans la fabrication du papier.
Un plancher, une caisse en sapin.
Expr. fam.
Ça sent le sapin, la mort est proche, par allusion à ce matériau, dont on fait des cercueils.
Un costume de sapin, un cercueil.
Fig.
Au Québec.
Passer un sapin à quelqu’un, le duper, lui mentir effrontément, par allusion à une pratique consistant à vendre du bois de sapin médiocre en le présentant comme un bois de bonne qualité.

▪ Par extension.
Désigne couramment d’autres résineux, tels le douglas ou l’épicéa.
Le sapin du Canada, aussi appelé « épinette blanche » au Canada, est un épicéa.

▪ Spécialement.
Sapin de Noël, qui est chargé d’ornements et dont on décore les intérieurs et certains lieux publics à l’occasion des fêtes de Noël et du nouvel an.
Les guirlandes, les boules d’un sapin de Noël.


2. 
Désignait familièrement un fiacre.
Faire signe à un sapin.",2026-06-04T05:06:57.892Z
S0772,S,SCHILLING,nom masculin,"Étymologie : xviie siècle. Mot allemand, qui a désigné diverses monnaies dans des pays de langue germanique.",Ancienne unité monétaire de l’Autriche qui fut remplacée par l’euro.,2026-06-04T05:07:04.783Z
S1525,S,SHILLING,nom masculin,"Étymologie : xvie siècle, chelin ; xviie siècle, shilling. Mot anglais.","1. 
Ancienne monnaie divisionnaire du Royaume-Uni équivalant à un vingtième de la livre sterling.
Un shilling valait douze pence.
Le shilling a disparu lors de la réforme monétaire de 1971.

2. 
Unité monétaire du Kenya, de l’Ouganda, de la Somalie et de la Tanzanie.",2026-06-04T05:07:19.747Z
T2599,T,TSIGANE,nom,"Étymologie : xixe siècle. Empruntés, par l’intermédiaire de l’allemand Zigeuner ou du hongrois Czygany, du grec byzantin atsinganos, signifiant proprement « celui qui ne veut pas être touché », qui fut employé pour désigner les membres d’une secte ésotérique puis, à la fin du Moyen Âge, les Roms.","■ 
Avec une majuscule.
Personne appartenant à la population originaire du Nord de l’Inde qui migra à partir du xive siècle en Europe centrale, puis, pour certaines communautés, dans le reste de l’Europe et en Amérique du Nord, et dont la langue est le romani ; désigne en particulier un membre de l’un des trois grands groupes issus de cette population, installé principalement dans les Balkans et en Europe centrale.
Les Tsiganes ont été massivement déportés par les nazis.
▪ Adjectivement.
Un village tsigane.
Des contes tsiganes.
Les chansons tsiganes ont inspiré Liszt et Brahms.

(Dans certains emplois, on dit aussi Rom ou, moins souvent, Romani.)",2026-06-04T05:10:59.467Z
